razon_social,anio,Eliminación,Recepción y Almacenamiento,Valorización,total,pct_valorizacion,n_declaraciones,rubro
0,2021,2679.81,256.554236,5217.8364169999995,8154.200653,63.989551386380384,7,Comercio mayorista
ABARROTES ECONOMICOS LIMITADA,2021,587.73,0.0,0.0,587.73,0.0,3,Comercio minorista
ACCIONA CONSTRUCCION S.A. AGENCIA CHILE,2021,0.0,0.0,0.22,0.22,100.0,1,Construcción
ACEROS AZA S.A.,2021,1329.1399999999999,0.0,0.02,1329.1599999999999,0.0015047097414908667,3,Otras industrias manufactureras
ACERTECH LIMITADA,2021,0.0,0.0,7.58,7.58,100.0,1,Otras industrias manufactureras
ACONCAGUA FOODS S.A.,2021,0.0,0.0,8.415,8.415,100.0,2,Otras industrias manufactureras
ADMINISTRADORA DE SUPERMERCADOS EXPRESS LIMITADA,2021,77.76,12.32,0.0,90.08000000000001,0.0,2,Comercio minorista
ADMINISTRADORA DE SUPERMERCADOS HIPER LIMITADA,2021,23.73,9.83,0.41,33.97,1.2069473064468648,3,Comercio minorista
ADMINISTRADORA DEL PRADO Y LA FORESTA SPA,2021,509.4,0.0,0.0,509.4,0.0,3,Otras actividades
AES GENER S A,2021,55.22,0.0,49.085,104.305,47.059105507885526,5,Otras centrales de generación eléctrica
AGRICOLA SAN JOSE DE PERALILLO S A,2021,0.0,8.18,31.804000000000002,39.984,79.54181672669067,5,Otras industrias manufactureras
AGUAS ANDINAS S A,2021,186.0,0.0,57.941,243.941,23.7520548001361,4,"Captación, tratamiento y distribución de agua"
AGUAS CORDILLERA S A,2021,9.61,0.0,0.0,9.61,0.0,1,"Captación, tratamiento y distribución de agua"
AGUILAR Y COMPANIA LIMITADA,2021,0.0,0.0,6.39,6.39,100.0,1,Otras industrias manufactureras
AIR LIQUIDE CHILE S A,2021,1472.91,0.0,0.0,1472.91,0.0,1,Construcción
AISLANTES VOLCAN S A,2021,0.82,0.0,18.05,18.87,95.65447800741919,2,Otras industrias manufactureras
ALGINATOS CHILE S.A.,2021,0.0,25.32,0.0,25.32,0.0,1,"Industria química, de plástico y caucho"
ALMAGRO S A,2021,2439.6330000000003,0.0,0.0,2439.6330000000003,0.0,5,Construcción
ALTO LAS PERDICES SPA,2021,1233.0,0.0,0.0,1233.0,0.0,2,Construcción
ALTO MAIPO SPA,2021,6655.11,1212.655,415.71,8283.474999999999,5.018545960481561,59,Otras centrales de generación eléctrica
AMERIS UPC DEPARTAMENTAL SPA,2021,2624.07,0.0,3.04,2627.11,0.11571650977690313,2,Construcción
AMERIS UPC DEPARTAMENTAL TRES SPA,2021,517.65,0.0,0.0,517.65,0.0,2,Construcción
ANGLO AMERICAN SUR S.A.,2021,2000.16,0.0,0.0,2000.16,0.0,1,Minería
AR ALENA SPA,2021,45.5,0.0,0.0,45.5,0.0,1,Otras centrales de generación eléctrica
AR CERRO TIGRE SPA,2021,22.35,0.0,0.0,22.35,0.0,2,Otras centrales de generación eléctrica
AR ESCONDIDO SPA,2021,8.7,0.0,0.0,8.7,0.0,1,Otras centrales de generación eléctrica
AR LLANOS DEL VIENTO SPA,2021,8.5,0.0,0.0,8.5,0.0,1,Otras centrales de generación eléctrica
AR VALLE ESCONDIDO SPA,2021,177.36,0.0,0.0,177.36,0.0,1,Otras centrales de generación eléctrica
ARAUCO SPA,2021,9520.92,0.0,0.0,9520.92,0.0,4,Otras actividades
ARRENDAMIENTOS VICUNA MACKENNA MIL CUATROCIENTOS VEINTIOCHO SPA,2021,5388.78,0.0,0.0,5388.78,0.0,2,Construcción
ARRIGONI INGENIERIA Y CONSTRUCCION S.A.,2021,11034.0,0.0,0.0,11034.0,0.0,3,Construcción
ARRIGONI METALURGICA S.A.,2021,0.0,0.0,1510.489,1510.489,100.0,1,Otras industrias manufactureras
ASTARA RETAIL CHILE SPA,2021,297.0,0.0,0.0,297.0,0.0,3,Ventas y mantención de vehículos automotores
ATCO SABINCO S.A,2021,521.43,0.0,46.19,567.6199999999999,8.13748634649942,2,Construcción
AUSTRIANSOLAR CHILE SEIS SPA,2021,192.755,0.0,0.0,192.755,0.0,1,Otras centrales de generación eléctrica
AUTOMOTRIZ SALFA SUR LIMITADA,2021,3800.0,0.0,0.0,3800.0,0.0,1,Ventas y mantención de vehículos automotores
AVSA ALTO NUNOA SPA,2021,52.2,0.0,0.0,52.2,0.0,1,Otras actividades
AVSA ALTO SANTA ISABEL SPA,2021,1033.56,0.0,0.0,1033.56,0.0,1,Otras actividades
AVSA NELSON SPA,2021,114.84,0.0,0.0,114.84,0.0,1,Otras actividades
AVSA NUEVA ZANARTU SPA,2021,1557.3000000000002,0.0,0.0,1557.3000000000002,0.0,2,Otras actividades
BANCO CENTRAL DE CHILE,2021,69.0045,0.0,0.0,69.0045,0.0,3,Otras actividades
BODENOR FLEX CENTER S A,2021,44.29,0.0,0.0,44.29,0.0,2,Otras actividades
BREDENMASTER SPA,2021,13.12,0.0,0.0,13.12,0.0,1,Otras industrias manufactureras
BRITISH AMERICAN TOBACCO CHILE OPERACIONES S.A.,2021,0.0,0.0,13.44,13.44,100.0,1,Otras industrias manufactureras
BUSES VULE S.A.,2021,0.025,0.0,0.0,0.025,0.0,1,Otras actividades
CALLAQUI DE VERANO SPA,2021,1.47,0.0,0.0,1.47,0.0,1,Otras centrales de generación eléctrica
CECINAS SOL DE AMERICA LIMITADA,2021,263.15999999999997,0.0,0.0,263.15999999999997,0.0,2,Otras industrias manufactureras
CELULOSA ARAUCO Y CONSTITUCION S A,2021,180.52,0.0,0.0,180.52,0.0,1,Industria del papel y celulosa
CEMENTO POLPAICO S A,2021,1177.1,0.0,174.33,1351.4299999999998,12.899669239250278,5,"Producción de cemento, cal y yeso"
CEMENTOS BICENTENARIO S.A,2021,110.21000000000001,0.0,0.0,110.21000000000001,0.0,4,"Producción de cemento, cal y yeso"
CEMENTOS BIO BIO DEL SUR S.A.,2021,0.0,0.0,95.15,95.15,100.0,1,"Producción de cemento, cal y yeso"
CENCOSUD RETAIL S.A.,2021,1593.0,0.0,0.0,1593.0,0.0,3,Comercio minorista
CERVECERA CCU CHILE LIMITADA,2021,295.48,0.0,252.6,548.08,46.088162312071226,3,Otras industrias manufactureras
CIA INDUSTRIAL EL VOLCAN S A,2021,31534.97,30.95,13.54,31579.460000000003,0.04287597064674316,12,"Producción de cemento, cal y yeso"
CIA MINERA DEL PACIFICO S.A.,2021,14.05,0.0,0.0,14.05,0.0,3,Minería
CINTAC S.A.I.C.,2021,8.18,0.0,1102.77,1110.95,99.26369323551914,2,Otras industrias manufactureras
CITELUM CHILE SPA,2021,65.45,0.0,0.0,65.45,0.0,1,Construcción
CLARIANT COLORQUIMICA CHILE LTDA,2021,123.28,0.0,0.0,123.28,0.0,3,"Industria química, de plástico y caucho"
CLARO VICUNA VALENZUELA S A,2021,417.6,0.0,0.0,417.6,0.0,1,Construcción
CLINICA BUPA SANTIAGO S.A.,2021,6.52,0.0,0.0,6.52,0.0,1,Otras actividades
CMPC TISSUE S A,2021,792.59,0.0,280.96999999999997,1073.56,26.171802228100898,9,Industria del papel y celulosa
COCA COLA EMBONOR S A,2021,28.51,0.0,0.0,28.51,0.0,1,Otras industrias manufactureras
COLADA CONTINUA CHILENA SA,2021,0.0,0.0,55.5,55.5,100.0,1,Otras industrias manufactureras
COLBUN S A,2021,74.19,0.0,0.0,74.19,0.0,2,Otras centrales de generación eléctrica
COMERCIAL & LOGISTICA GENERAL S A,2021,166.004,41.699,0.0,207.70299999999997,0.0,14,Otras actividades
COMERCIAL K LIMITADA,2021,4816.32,0.0,0.0,4816.32,0.0,1,Construcción
COMERCIALIZADORA RIO CLARO DEL MAULE S.A.,2021,278.4,0.0,0.0,278.4,0.0,1,Producción agropecuaria
COMERCIALIZADORA VACOR LIMITADA,2021,85.19,0.0,41.7185,126.9085,32.87289661448997,3,Gestores de residuos
COMPANIA GENERAL DE ELECTRICIDAD S.A.,2021,1376.595,392.056,0.0,1768.651,0.0,46,Otras actividades
COMPANIA MINERA TECK QUEBRADA BLANCA S.A.,2021,0.0,0.0,4.550000000000001,4.550000000000001,100.0,2,Minería
COMPLEJO PORTUARIO MEJILLONES S A,2021,0.0,0.0,15.68,15.68,100.0,1,Otras actividades
CONPAX VALKO ARRIGONI INFRAESTRUCTURA S.A.,2021,0.0,0.0,46.72,46.72,100.0,1,Construcción
CONSORCIO DE SALUD SANTIAGO ORIENTE S.A. SOCIEDAD CONCESIONARIA,2021,31907.02,3.65,83.3,31993.97,0.2603615618818171,6,Construcción
CONSORCIO HABITACIONAL DE CHILE S A,2021,1033.56,0.0,13.6,1047.1599999999999,1.2987509072157073,2,Otras actividades
CONSTRUCTORA ALFREDO JARA Y COMPANIA S.A.,2021,949.2609,0.0,0.0,949.2609,0.0,7,Construcción
CONSTRUCTORA ALMAGRO S A,2021,3966.28,0.0,2.67,3968.9500000000003,0.06727220045604,14,Construcción
CONSTRUCTORA BESALCO LTDA,2021,4410.8396,0.0,0.0,4410.8396,0.0,13,Construcción
CONSTRUCTORA CALAN SPA,2021,1560.0,0.0,0.0,1560.0,0.0,3,Construcción
CONSTRUCTORA CONCRETA S A,2021,9107.494,0.0,0.0,9107.494,0.0,6,Construcción
CONSTRUCTORA CONPAX SPA,2021,67.72,0.0,0.0,67.72,0.0,2,Construcción
CONSTRUCTORA DE PAVIMENTOS ASFALTICOS BITUMIX S.A,2021,0.0,0.0,6.74,6.74,100.0,1,Construcción
CONSTRUCTORA E INMOBILIARIA BERSA CERRO COLORADO S.A.,2021,52.2,0.0,0.0,52.2,0.0,1,Otras actividades
CONSTRUCTORA E INMOBILIARIA LA DEHESA S.A.,2021,947.43,0.0,0.0,947.43,0.0,1,Construcción
CONSTRUCTORA E INMOBILIARIA PRESIDENTE RIESCO S.A.,2021,172.26000000000002,0.0,169644.7,169816.96000000002,99.89856136866423,4,Otras actividades
CONSTRUCTORA L Y D S A,2021,21489.75,0.0,21.88,21511.63,0.10171242253608861,22,Construcción
CONSTRUCTORA PACAL S A,2021,11158.37,0.0,0.0,11158.37,0.0,9,Construcción
CONSTRUMART S A,2021,22.614,0.0,0.0,22.614,0.0,6,Comercio minorista
COORDINADOR INDEPENDIENTE DEL SISTEMA ELECTRICO NACIONAL,2021,5840.0,0.0,0.0,5840.0,0.0,1,Otras centrales de generación eléctrica
CORP IGLESIA DE LOS ADVENTISTAS DEL SEPTIMO DIA,2021,1.9,0.0,0.0,1.9,0.0,1,Otras actividades
CORP NACIONAL DEL COBRE DE CHILE,2021,0.0,702.95,11206.19,11909.140000000001,94.09739074358014,2,Minería
CRISTALERIAS DE CHILE S A,2021,223.54,0.0,0.0,223.54,0.0,1,Otras industrias manufactureras
CRISTALERIAS TORO SPA,2021,845.34,0.0,206.3,1051.64,19.616979194401125,14,Gestores de residuos
DELGADO S.A.,2021,180.13,0.0,0.0,180.13,0.0,1,Otras industrias manufactureras
DESARROLLO INMOBILIARIO EJERCITO LIBERTADOR SPA,2021,7891.280000000001,0.0,0.0,7891.280000000001,0.0,3,Construcción
DIANA FOOD CHILE SPA,2021,52.0,0.0,0.0,52.0,0.0,1,Producción agropecuaria
DIANA SOLAR SPA,2021,18.2,0.0,39.5,57.7,68.4575389948007,2,Otras centrales de generación eléctrica
DICTUC S.A.,2021,0.0,0.0,207.018,207.018,100.0,2,Otras actividades
DISTRIBUIDORA CUMMINS CHILE S A,2021,0.0,222.30599999999998,0.0,222.30599999999998,0.0,2,Comercio mayorista
DON MANUEL SPA,2021,12078.0,0.0,0.0,12078.0,0.0,1,Construcción
DSPUENTEALTO SPA,2021,1400.7,0.0,0.0,1400.7,0.0,2,Construcción
E. MOLINA MOREL INMOBILIARIA LIMITADA,2021,2398.61,0.0,0.0,2398.61,0.0,3,Construcción
EASY S A,2021,154.065,0.0,0.0,154.065,0.0,1,Comercio minorista
EBCO S A,2021,3526.882,0.0,0.0,3526.882,0.0,1,Construcción
EBCO S.A.,2021,26025.413,0.0,0.0,26025.413,0.0,50,Construcción
ECHEVERRIA IZQUIERDO CONSTRUCCIONES S.A.,2021,1673.1,0.0,0.0,1673.1,0.0,3,Construcción
ECHEVERRIA IZQUIERDO EDIFICACIONES S.A.,2021,4255.0,0.0,0.0,4255.0,0.0,7,Construcción
ELECTROLUX DE CHILE S.A.,2021,534.01,0.0,0.0,534.01,0.0,3,Otras industrias manufactureras
EMBOTELLADORA ANDINA CHILE S.A.,2021,0.0,1.34,0.0,1.34,0.0,1,Otras actividades
EMBOTELLADORA ANDINA S A,2021,81.52,0.0,0.0,81.52,0.0,1,Otras industrias manufactureras
EMBOTELLADORA METROPOLITANA S.A.,2021,79.80199999999999,0.0,23.75,103.55199999999999,22.935336835599507,7,Otras industrias manufactureras
EMBOTELLADORAS CHILENAS UNIDAS S.A,2021,1258.3,2.65,2.8,1263.75,0.22156280909990106,7,Otras industrias manufactureras
EMPRESA CONSTRUCTORA INGENIEROS S A,2021,7673.3,0.0,0.0,7673.3,0.0,6,Construcción
EMPRESA DE LOS FERROCARRILES DEL ESTADO,2021,238.23000000000002,0.0,20.0,258.23,7.745033497269875,4,Otras actividades
EMPRESA DE TRANSPORTE DE PASAJEROS METRO S A,2021,45607.77,0.0,82.80000000000001,45690.57,0.18121901302610147,33,Otras actividades
EMPRESA ELECTRICA CAMPICHE S.A.,2021,0.0,0.0,18.728,18.728,100.0,1,Termoeléctricas
EMPRESA ELECTRICA PUENTE ALTO S.A.,2021,262.158,0.0,0.0,262.158,0.0,3,Otras actividades
EMPRESA ELECTRICA VENTANAS S.A,2021,0.0,0.0,18.728,18.728,100.0,1,Termoeléctricas
EMPRESAS CLORAMON S.A,2021,4.79,0.0,0.0,4.79,0.0,1,"Industria química, de plástico y caucho"
ENAP REFINERIAS S A,2021,0.0,0.0,2568.79,2568.79,100.0,2,Comercio mayorista
ENEL DISTRIBUCION CHILE S.A.,2021,27057.736,0.0,487.455,27545.191000000003,1.769655545318237,36,Otras actividades
ENEL GENERACION CHILE S.A.,2021,9.286,0.0,0.0,9.286,0.0,3,Otras centrales de generación eléctrica
ENEL GREEN POWER CHILE SA,2021,325.393,60.618,0.0,386.01099999999997,0.0,12,Otras centrales de generación eléctrica
ENEL X CHILE SPA,2021,0.0,0.0,4.647,4.647,100.0,5,Comercio minorista
ENGIE TELECOM SPA,2021,0.0,0.0,8.14,8.14,100.0,2,Otras actividades
ENVASADOS MOVIPACK CHILE SPA,2021,0.0,0.45,0.0,0.45,0.0,1,Otras actividades
ENVASES CENTRAL S A,2021,259.48,295.211,0.0,554.691,0.0,3,Otras industrias manufactureras
ENVASES Y LITOGRAFIA AGUILA S.A.,2021,0.0,0.0,80.52,80.52,100.0,1,Otras industrias manufactureras
ESCO ELECMETAL FUNDICION LIMITADA,2021,39.823,0.0,0.0,39.823,0.0,2,Otras industrias manufactureras
EUROCORP DOS S.A.,2021,4021.995,0.0,0.0,4021.995,0.0,7,Construcción
EUROCORP S A,2021,1722.06,0.0,0.0,1722.06,0.0,1,Construcción
EWOS CHILE ALIMENTOS LIMITADA,2021,2.19,0.0,0.0,2.19,0.0,1,Otras industrias manufactureras
FABRICACION VISTALIBRE LIMITADA,2021,325.14,0.0,0.0,325.14,0.0,1,Otras industrias manufactureras
FABRICACIONES METALICAS CONTAINERLAND LIMITADA,2021,150.3,0.0,0.0,150.3,0.0,1,Otras industrias manufactureras
FAI PINEDA SPA,2021,81.0,0.0,0.0,81.0,0.0,1,Otras actividades
FALABELLA INMOBILIARIO S.A,2021,30.0,0.0,0.0,30.0,0.0,1,Otras actividades
FCA PAVIMENTOS Y REVESTIMIENTOS BUDNIK HNOS S A,2021,304.86,0.0,0.0,304.86,0.0,2,Otras industrias manufactureras
FERROCARRIL DE ANTOFAGASTA A BOLIVIA,2021,0.332,0.0,0.0,0.332,0.0,1,Otras actividades
FIBROCEMENTOS VOLCAN LIMITADA,2021,2373.7,14.58,39.01,2427.29,1.607142121460559,12,Otras industrias manufactureras
FLESAN ANCLAJES S.A.,2021,0.0,0.0,0.318,0.318,100.0,1,Construcción
FOTOVOLTAICA PEUMO SPA,2021,0.0,2.36,3.9400000000000004,6.300000000000001,62.53968253968254,3,Otras centrales de generación eléctrica
FRANKLIN SPA,2021,18.0,0.0,0.0,18.0,0.0,1,Construcción
FUCHS GELLONA Y SILVA S A,2021,3017.886,0.0,0.0,3017.886,0.0,20,Construcción
FUND INSTITUTO PROFESIONAL DUOC UC,2021,9.67,0.0,0.0,9.67,0.0,2,Otras actividades
FUNDACION INVICA,2021,3802.592,0.0,0.0,3802.592,0.0,3,Otras actividades
FUNDICION VULCO LTDA,2021,34.0,0.0,0.0,34.0,0.0,1,Otras industrias manufactureras
GASCO GLP S A,2021,0.0,0.0,866.762,866.762,100.0,2,Comercio mayorista
GENERAL MOTORS CHILE INDUSTRIA AUTOMOTRIZ LIMITADA,2021,26.1,0.0,0.0,26.1,0.0,1,Ventas y mantención de vehículos automotores
GESPANIA CONSTRUCTORA S.A.,2021,2226.84,0.0,0.0,2226.84,0.0,2,Construcción
GNL QUINTERO SA,2021,43.11083,0.0,0.0,43.11083,0.0,1,Otras actividades
GOODYEAR DE CHILE S A I C,2021,0.0,1.683,582.041,583.724,99.71167880710748,5,"Industria química, de plástico y caucho"
GPG GENERACION DISTRIBUIDA SPA,2021,0.74,0.0,0.0,0.74,0.0,1,Otras centrales de generación eléctrica
GUACOLDA ENERGIA SPA,2021,33.14,0.0,0.0,33.14,0.0,1,Termoeléctricas
GUILLERMO CELENTANO CONTENEDORES PATAGONIA E.I.R.L,2021,22.01,0.0,0.0,22.01,0.0,1,Otras actividades
HARTING S A,2021,37.5675,0.0,0.0,37.5675,0.0,2,"Industria química, de plástico y caucho"
HENKEL CHILE LIMITADA,2021,0.0,7.3,10.41,17.71,58.78035008469791,2,"Industria química, de plástico y caucho"
HORMIGONES BICENTENARIO S.A.,2021,91630.27,0.0,0.0,91630.27,0.0,3,Otras industrias manufactureras
HORMISUR INEIN S A,2021,576.0,0.0,0.0,576.0,0.0,1,Construcción
HUNTER DOUGLAS CHILE S A,2021,0.0,0.0,533.86,533.86,100.0,3,Otras industrias manufactureras
I MUNICIPALIDAD LO BARNECHEA,2021,2870.8,0.0,45.1198,2915.9198,1.547360801898598,5,Construcción
IBM DE CHILE S A C,2021,0.0,0.0,1.18,1.18,100.0,2,Otras actividades
ICONEX (CHILE) SPA,2021,0.0,0.21,0.432,0.642,67.28971962616822,2,Otras industrias manufactureras
IDEA INVERSIONES INMOBILIARIAS TRES S.A.,2021,26.676,0.0,0.0,26.676,0.0,1,Construcción
IMPRESORA Y COMERCIAL FE & SER LTDA,2021,0.0,0.0,2.701,2.701,100.0,1,Otras industrias manufactureras
INDUSTRIA DE ALIMENTOS DOS EN UNO SOCIEDAD ANONIMA,2021,0.0,0.396,0.27,0.666,40.54054054054054,2,Otras industrias manufactureras
INDUSTRIA DE ALIMENTOS TRENDY S A,2021,0.0,0.0,2.47,2.47,100.0,1,Otras industrias manufactureras
INDUSTRIA DE BALDOSAS MICROVIBRADAS S A,2021,153.34,0.0,0.0,153.34,0.0,1,Otras industrias manufactureras
INDUSTRIA DE TUBOS Y PREFABRICADOS DE HORMIGON BUDNIK S A,2021,385.731,0.0,0.0,385.731,0.0,1,Otras industrias manufactureras
INDUSTRIA METALURGICA URSUS TROTTER S A,2021,0.0,0.0,89.413,89.413,100.0,4,Otras industrias manufactureras
INDUSTRIAL GLOVER S.P.A,2021,50.57,0.0,0.0,50.57,0.0,1,Otras industrias manufactureras
INDUSTRIAL OCHAGAVIA LIMITADA,2021,48.43,0.0,0.0,48.43,0.0,1,Otras industrias manufactureras
INDUSTRIAS E INVERSIONES PLASTISERVI SOCIEDAD ANÓNIMA,2021,0.0,0.0,0.302,0.302,100.0,1,"Industria química, de plástico y caucho"
INDUSTRIAS METALURGICAS SORENA S A,2021,0.0,0.0,4.0,4.0,100.0,1,Otras industrias manufactureras
INGENIERIA Y CONSTRUCCION SIGDO    KOPPERS S A,2021,53.42589,0.0,0.0,53.42589,0.0,3,Otras actividades
INMOB LA CRUZ SA,2021,2899.90029,0.0,0.0,2899.90029,0.0,8,Otras actividades
INMOB NUEVO PUENTE ALTO SA,2021,4104.0,0.0,0.0,4104.0,0.0,1,Construcción
INMOBILIARIA ALTO LA CRUZ LIMITADA,2021,1176.0,0.0,0.0,1176.0,0.0,2,Otras actividades
INMOBILIARIA ALTOS DEL VALLE S.A.,2021,3243.817,0.0,0.0,3243.817,0.0,3,Otras actividades
INMOBILIARIA AMERICO VESPUCIO 4641 S A,2021,0.0,0.0,825.0,825.0,100.0,1,Construcción
INMOBILIARIA ARCILLA ROJA S.A,2021,42.0,0.0,0.0,42.0,0.0,1,Construcción
INMOBILIARIA ARTURO PRAT SPA,2021,723.84,0.0,0.0,723.84,0.0,1,Otras actividades
INMOBILIARIA AYRES ORIENTE S.A.,2021,660.0,0.0,0.0,660.0,0.0,1,Construcción
INMOBILIARIA BARRIO PARQUE SANTIAGO SPA,2021,2008.0,0.0,0.0,2008.0,0.0,3,Otras actividades
INMOBILIARIA BELGICA 1574 SPA,2021,1094.46,0.0,3.03,1097.49,0.2760845201323019,4,Construcción
INMOBILIARIA BELLAVISTA SPA,2021,176.0,0.0,0.0,176.0,0.0,1,Otras actividades
INMOBILIARIA BERNA SA,2021,744.72,0.0,0.0,744.72,0.0,1,Otras actividades
INMOBILIARIA BROWN NORTE SPA,2021,485.46000000000004,0.0,0.0,485.46000000000004,0.0,3,Otras actividades
INMOBILIARIA BUIN S.A.,2021,4352.254,0.0,0.0,4352.254,0.0,1,Construcción
INMOBILIARIA CAPITAN ORELLA SPA,2021,111.36,0.0,0.0,111.36,0.0,1,Otras actividades
INMOBILIARIA CAROL URZUA LIMITADA,2021,2676.0,0.0,0.0,2676.0,0.0,2,Otras actividades
INMOBILIARIA CIENTO CINCO S.A.,2021,896.764,0.0,0.0,896.764,0.0,6,Construcción
INMOBILIARIA CINCO DE ABRIL SPA,2021,1698.0,0.0,0.0,1698.0,0.0,2,Construcción
INMOBILIARIA CONDOR SPA,2021,0.795,0.0,0.0,0.795,0.0,1,Otras actividades
INMOBILIARIA CONQUISTA GODOY SPA,2021,31.0,0.0,0.0,31.0,0.0,1,Construcción
INMOBILIARIA CORINTO SPA,2021,260.13,0.0,0.0,260.13,0.0,1,Otras actividades
INMOBILIARIA CURINANCA SPA,2021,793.005,0.0,0.0,793.005,0.0,2,Otras actividades
INMOBILIARIA DON CARLOS SPA,2021,3887.4,0.0,0.0,3887.4,0.0,1,Otras actividades
INMOBILIARIA DON FEDERICO SPA,2021,3119.561,0.0,0.0,3119.561,0.0,1,Construcción
INMOBILIARIA DONA ISABEL SPA,2021,3949.0,0.0,0.0,3949.0,0.0,1,Construcción
INMOBILIARIA E INVERSIONES DOS M LIMITADA,2021,101.29,0.0,262.664,363.954,72.16955988943657,4,Gestores de residuos
INMOBILIARIA EL ALBA DE VALLE GRANDE S.A.,2021,1116.0,0.0,0.0,1116.0,0.0,2,Construcción
INMOBILIARIA EL DESCANSO S.A.,2021,487.0,0.0,0.0,487.0,0.0,1,Construcción
INMOBILIARIA EL NOGAL SPA,2021,99.0,0.0,0.0,99.0,0.0,1,Otras actividades
INMOBILIARIA EL RODEO FORTALEZA SPA,2021,707.04,0.0,0.0,707.04,0.0,3,Construcción
INMOBILIARIA ERASMO ESCALA SPA,2021,2863.17,0.0,26.503999999999998,2889.674,0.9171968879534507,11,Construcción
INMOBILIARIA ESEPE-VEME S A,2021,3145.0,0.0,0.0,3145.0,0.0,2,Otras actividades
INMOBILIARIA ESTOCOLMO FORTALEZA SPA,2021,33.0,0.0,0.0,33.0,0.0,1,Construcción
INMOBILIARIA EXEQUIEL FERNANDEZ SPA,2021,2436.87,0.0,0.0,2436.87,0.0,1,Construcción
INMOBILIARIA FEDERICO SCOTTO SPA,2021,1084.89,0.0,0.0,1084.89,0.0,1,Construcción
INMOBILIARIA FORTALEZA TAIHUEN SPA,2021,724.71,0.0,0.0,724.71,0.0,3,Construcción
INMOBILIARIA FP 75 SPA,2021,10784.76,0.0,0.0,10784.76,0.0,2,Construcción
INMOBILIARIA FRAMBUESAL SPA,2021,205.0,0.0,0.0,205.0,0.0,1,Construcción
INMOBILIARIA FROILAN ROA SPA,2021,19475.0,0.0,0.0,19475.0,0.0,1,Otras actividades
INMOBILIARIA GIMAX 75 SPA,2021,2641.972,0.0,0.0,2641.972,0.0,1,Otras actividades
INMOBILIARIA GIMAX 76 SPA,2021,1440.72,0.0,0.0,1440.72,0.0,1,Otras actividades
INMOBILIARIA ICOM ZANARTU SPA,2021,1636.47,0.0,0.0,1636.47,0.0,2,Otras actividades
INMOBILIARIA INDEPENDENCIA 560 S.A.,2021,512.0,0.0,0.0,512.0,0.0,2,Construcción
INMOBILIARIA INGLATERRA S.A.,2021,401.94,0.0,0.0,401.94,0.0,2,Otras actividades
INMOBILIARIA IRARRAZAVAL DOS SPA,2021,199.0,0.0,0.0,199.0,0.0,1,Otras actividades
INMOBILIARIA IRARRAZAVAL SPA,2021,415.0,0.0,0.0,415.0,0.0,2,Otras actividades
INMOBILIARIA ISIETE METROPOLITANA I SPA,2021,10173.6,0.0,0.0,10173.6,0.0,1,Construcción
INMOBILIARIA LA BALLENA S A,2021,2297.2799999999997,0.0,0.0,2297.2799999999997,0.0,2,Construcción
INMOBILIARIA LA CISTERNA SPA,2021,306.72,0.0,0.0,306.72,0.0,1,Construcción
INMOBILIARIA LA FLORIDA UNO SPA,2021,2049.96,0.0,0.0,2049.96,0.0,2,Construcción
INMOBILIARIA LA VERBENA SPA,2021,954.96,0.0,1.62,956.58,0.16935332120679922,3,Otras actividades
INMOBILIARIA LATADIA SPA,2021,824.165,9.55,6.16,839.8749999999999,0.733442476559012,5,Construcción
INMOBILIARIA LOMAS DE ASIS LIMITADA,2021,18511.4,0.0,0.0,18511.4,0.0,5,Otras actividades
INMOBILIARIA LOS ALERCES SPA,2021,31.32,0.0,0.0,31.32,0.0,1,Otras actividades
INMOBILIARIA LOS JARDINES DE SAN FRANCISCO DE ASIS S.A.,2021,2223.22,0.0,0.0,2223.22,0.0,2,Construcción
INMOBILIARIA LOS NOGALES SPA,2021,1749.0,0.0,0.0,1749.0,0.0,3,Otras actividades
INMOBILIARIA LOS OLMOS SPA,2021,1926.0,0.0,0.0,1926.0,0.0,2,Construcción
INMOBILIARIA LOS SACRAMENTINOS S A,2021,1170.8400000000001,0.0,0.0,1170.8400000000001,0.0,2,Otras actividades
INMOBILIARIA MAULE SPA,2021,9527.71,0.0,0.0,9527.71,0.0,1,Otras actividades
INMOBILIARIA MIGUEL LEON PRADO SPA.,2021,1488.135,0.0,0.0,1488.135,0.0,1,Otras actividades
INMOBILIARIA MIRADOR SPA,2021,562.02,0.0,0.0,562.02,0.0,2,Otras actividades
INMOBILIARIA MOLINA MOREL - DLP BEN GURION SPA,2021,1660.0,0.0,0.0,1660.0,0.0,1,Otras actividades
INMOBILIARIA MOLINA MOREL - DLP EL AGUILUCHO SPA,2021,1336.32,0.0,0.0,1336.32,0.0,1,Otras actividades
INMOBILIARIA MONTE ACONCAGUA S A,2021,5475.4400000000005,0.0,0.0,5475.4400000000005,0.0,4,Construcción
INMOBILIARIA MORANDE SUR SPA,2021,553.05,0.0,0.0,553.05,0.0,3,Construcción
INMOBILIARIA NEVERIA SPA,2021,333.0,0.0,0.0,333.0,0.0,1,Otras actividades
INMOBILIARIA NUCLEO ALMEYDA S.A.,2021,228.726,0.0,0.0,228.726,0.0,3,Otras actividades
INMOBILIARIA NUCLEO COTAPOS SPA,2021,550.5840000000001,0.0,0.0,550.5840000000001,0.0,2,Otras actividades
INMOBILIARIA NUCLEO LOS MAITENES SPA,2021,19284.68,0.0,0.0,19284.68,0.0,4,Construcción
INMOBILIARIA NUEVA QUILLOTA SPA,2021,1155.36,0.0,0.0,1155.36,0.0,1,Otras actividades
INMOBILIARIA NUEVA UNO SPA,2021,373.58,0.0,14.29,387.87,3.6842240957021684,6,Otras actividades
INMOBILIARIA PARQUE ANDINO SPA,2021,790.5,0.0,0.0,790.5,0.0,2,Otras actividades
INMOBILIARIA PARQUE BUIN S.A.,2021,1849.7,0.0,0.0,1849.7,0.0,1,Otras actividades
INMOBILIARIA PAZ SPA,2021,10406.178,0.0,0.0,10406.178,0.0,6,Construcción
INMOBILIARIA PCS S A,2021,5.76,0.0,0.0,5.76,0.0,1,Construcción
INMOBILIARIA PEDRO ALARCON S.A.,2021,162.0,0.0,0.0,162.0,0.0,1,Construcción
INMOBILIARIA PEDRO DE ONA SPA,2021,306.0,0.0,0.0,306.0,0.0,1,Otras actividades
INMOBILIARIA PINARES SPA,2021,0.0,0.0,0.69,0.69,100.0,1,Construcción
INMOBILIARIA PIRINEOS SPA,2021,846.51,0.0,0.0,846.51,0.0,1,Otras actividades
INMOBILIARIA PK 67 S A,2021,487.2,0.0,0.0,487.2,0.0,1,Construcción
INMOBILIARIA PORTAL SANTA MARIA S.A..,2021,1585.0,0.0,0.0,1585.0,0.0,1,Construcción
INMOBILIARIA PORTUGAL SPA,2021,5590.2,0.0,0.0,5590.2,0.0,1,Construcción
INMOBILIARIA PROYECTO MACUL SPA,2021,1531.0,0.0,0.0,1531.0,0.0,1,Construcción
INMOBILIARIA PUANGUE SPA,2021,310.28,0.0,0.0,310.28,0.0,4,Construcción
INMOBILIARIA PUCARA SPA,2021,1003.11,0.0,0.0,1003.11,0.0,1,Otras actividades
INMOBILIARIA PUERTAS DE LA DEHESA SPA,2021,2568.0,0.0,0.0,2568.0,0.0,2,Otras actividades
INMOBILIARIA RALEI INDEPENDENCIA II SPA,2021,2306.25,0.0,0.0,2306.25,0.0,3,Otras actividades
INMOBILIARIA RDG MANUEL RODRIGUEZ SPA,2021,856.0,0.0,0.0,856.0,0.0,1,Otras actividades
INMOBILIARIA RECREO 321 SPA,2021,1230.03,0.0,0.0,1230.03,0.0,1,Construcción
INMOBILIARIA RENACA ALTO SPA,2021,0.0,0.0,2.99,2.99,100.0,1,Construcción
INMOBILIARIA ROBERTO ESPINOZA SPA,2021,803.88,0.0,0.0,803.88,0.0,1,Otras actividades
INMOBILIARIA RONDIZZONI SPA,2021,1151.0,0.0,0.0,1151.0,0.0,1,Otras actividades
INMOBILIARIA RUTA DESARROLLO TRES SPA,2021,135.72,0.0,0.0,135.72,0.0,1,Otras actividades
INMOBILIARIA RUTA DESARROLLO UNO SPA,2021,779.71,0.0,0.0,779.71,0.0,3,Otras actividades
INMOBILIARIA SALVADOR SPA,2021,1100.0,0.0,0.0,1100.0,0.0,1,Otras actividades
INMOBILIARIA SAN JOAQUIN SPA,2021,594.0,0.0,0.0,594.0,0.0,3,Construcción
INMOBILIARIA SAN JOSE DE LA ESTRELLA SPA,2021,701.6859,0.0,0.0,701.6859,0.0,2,Construcción
INMOBILIARIA SANTA CLARA SPA,2021,2348.46,0.0,0.0,2348.46,0.0,1,Construcción
INMOBILIARIA SANTA ELISA SUR SPA,2021,605.6700000000001,0.0,0.0,605.6700000000001,0.0,2,Construcción
INMOBILIARIA SANTA ELVIRA SPA,2021,1881.1599999999999,0.0,0.0,1881.1599999999999,0.0,2,Otras actividades
INMOBILIARIA SANTA MARIA OFFICE SPA,2021,869.0,0.0,0.0,869.0,0.0,2,Otras actividades
INMOBILIARIA SARA MONCADA SPA,2021,1673.88,0.0,0.0,1673.88,0.0,1,Construcción
INMOBILIARIA SAZIE S.A.,2021,167.5,0.0,0.0,167.5,0.0,2,Construcción
INMOBILIARIA SIMETRIA I SPA,2021,354.238,0.0,0.0,354.238,0.0,2,Construcción
INMOBILIARIA SOCOVESA SUR S A,2021,994.56,0.0,0.0,994.56,0.0,2,Construcción
INMOBILIARIA SUR CINCUENTA Y DOS SPA,2021,835.1999999999999,0.0,0.0,835.1999999999999,0.0,2,Construcción
INMOBILIARIA TOESCA SPA,2021,109.62,0.0,0.0,109.62,0.0,1,Construcción
INMOBILIARIA URBANO BUSTAMANTE SPA,2021,0.0,0.0,1365.0,1365.0,100.0,2,Construcción
INMOBILIARIA URBANO PARK SPA,2021,0.0,0.0,547.2,547.2,100.0,2,Construcción
INMOBILIARIA VALDIVIA UNO SPA,2021,87.15,0.0,0.0,87.15,0.0,2,Otras actividades
INMOBILIARIA VIDA NUEVA LIMITADA,2021,3201.016,0.0,0.0,3201.016,0.0,3,Construcción
INMOBILIARIA VISTA KENNEDY SPA,2021,994.56,0.0,0.0,994.56,0.0,2,Otras actividades
INMOBILIARIA VISTA SAN MARTIN SPA,2021,781.47,0.0,0.0,781.47,0.0,2,Construcción
INMOBILIARIA VITACURA SPA,2021,702.0,0.0,0.0,702.0,0.0,1,Otras actividades
INMOBILIARIA VIVACETA SPA,2021,2755.0,0.0,0.0,2755.0,0.0,3,Construcción
INMOBILIARIA VIVIENDAS 2000 SPA,2021,2599.239,0.0,189.0,2788.239,6.778472003296704,6,Construcción
INMOBILIARIA VIVO SANTIAGO SPA,2021,419.2,0.0,0.642,419.842,0.15291466789887626,3,Construcción
INMOBILIARIA Y COMERCIAL QUILICURA LIMITADA,2021,1139.04,0.0,0.0,1139.04,0.0,3,Construcción
INMOBILIARIA Y CONSTRUCTORA CHORRILLOS S.A.,2021,725.0,0.0,0.0,725.0,0.0,1,Construcción
INMOBILIARIA Y CONSTRUCTORA DON ANTONIO SPA,2021,2622.0,0.0,0.0,2622.0,0.0,4,Construcción
INMOBILIARIA Y CONSTRUCTORA EL CERRO LIMITADA,2021,3200.0,0.0,0.0,3200.0,0.0,1,Construcción
INMOBILIARIA Y CONSTRUCTORA SAN LUIS DE MACUL SPA,2021,1093.05,0.0,0.0,1093.05,0.0,2,Construcción
INMOBILIARIA Y DESARROLLADORA EL REMANSO SPA.,2021,634.23,0.0,0.0,634.23,0.0,1,Otras actividades
INMOBILIARIA ZAMORA SPA,2021,90.0,0.0,0.0,90.0,0.0,1,Otras actividades
INMOBILIARIA ZANARTU S.A.,2021,823.0,0.0,39888.8,40711.8,97.9784730716893,3,Otras actividades
INSTAPANEL S.A.,2021,0.0,95.48,891.0,986.48,90.32114183764496,2,Otras industrias manufactureras
INVERSIONES DEL PACIFICO LIMITADA,2021,388.375,0.0,0.0,388.375,0.0,1,Producción agropecuaria
INVERSIONES HS SPA,2021,659.12,0.0,0.0,659.12,0.0,2,Otras actividades
INVERSIONES INGENIEROS DOCE SPA,2021,2498.64,0.0,0.0,2498.64,0.0,1,Otras actividades
INVERSIONES INGENIEROS QUINCE SPA,2021,32.19,0.0,0.0,32.19,0.0,1,Otras actividades
INVERSIONES INGENIEROS TRECE SPA,2021,1397.22,0.0,0.0,1397.22,0.0,1,Otras actividades
INVERSIONES TERRACORP S A,2021,688.17,0.0,0.0,688.17,0.0,4,Otras actividades
INVERSIONES Y RENTAS SENDERO SPA,2021,0.0,0.0,210.0,210.0,100.0,1,Otras actividades
IRARRAZAVAL 4870 SPA,2021,307.23999999999995,0.0,0.0,307.23999999999995,0.0,2,Otras actividades
IRARRAZAVAL SPA,2021,4016.79,0.0,0.0,4016.79,0.0,1,Construcción
KAL TIRE SOCIEDAD ANONIMA,2021,14.5,0.0,0.0,14.5,0.0,1,Gestores de residuos
KOMATSU REMAN CENTER CHILE S.A.,2021,8.86134,113.0281,2.02332,123.91275999999999,1.632858472363944,6,Otras industrias manufactureras
KYNDRYL CHILE SPA,2021,0.0,0.03,0.0,0.03,0.0,1,Otras actividades
LABORATORIO BALLERINA LIMITADA,2021,0.2,0.66,0.0,0.8600000000000001,0.0,2,"Industria química, de plástico y caucho"
LABORATORIO DURANDIN SA,2021,272.17999999999995,0.0,0.0,272.17999999999995,0.0,2,"Industria química, de plástico y caucho"
LABORATORIOS ANDROMACO S.A.,2021,161.95999999999998,0.0,0.0,161.95999999999998,0.0,2,Otras industrias manufactureras
LAGUNA CENTRO 1 SPA,2021,0.0,0.0,2825.0,2825.0,100.0,1,Construcción
LANCO & HARRIS SURAMERICA SPA,2021,30930.0,0.0,0.0,30930.0,0.0,1,Comercio minorista
LEMACO SPA,2021,0.6,0.0,0.0,0.6,0.0,1,Otras industrias manufactureras
LEVADURAS COLLICO S A,2021,0.0,0.0,1.85,1.85,100.0,1,Otras industrias manufactureras
LIMCHILE S A,2021,1.71,0.0,0.0,1.71,0.0,2,Otras actividades
LINDE HIGH LIFT CHILE S A,2021,1.7000000000000002,0.0,0.0,1.7000000000000002,0.0,2,Otras actividades
MAESTRA DON RODRIGO SPA,2021,21823.86,0.0,0.0,21823.86,0.0,5,Construcción
MAESTRA EDIFICACION S.A.,2021,896.0999999999999,0.0,0.0,896.0999999999999,0.0,2,Construcción
MAESTRA PROYECTOS SPA,2021,2319.42,0.0,0.0,2319.42,0.0,3,Construcción
MAESTRA QUILPUE DOS SPA,2021,1632.12,0.0,0.0,1632.12,0.0,2,Construcción
MAESTRANZA ACUNA SPA,2021,0.0,0.0,24.61,24.61,100.0,1,Otras industrias manufactureras
MASISA S.A.,2021,0.0,0.0,26.95,26.95,100.0,1,Industria de la madera y silvicultura
MATRIZ IDEAS S A,2021,160.95,0.0,0.0,160.95,0.0,1,Comercio minorista
MAXAM CHILE S.A.,2021,0.0,1.07,0.0,1.07,0.0,1,"Industria química, de plástico y caucho"
MEDICAL INTERNATIONAL LABORATORIES CORPORATION S A,2021,8.75,0.0,0.0,8.75,0.0,1,Otras industrias manufactureras
MELON ARIDOS LIMITADA,2021,0.0,7.0,11.37,18.369999999999997,61.89439303211759,2,Minería
MELON S.A.,2021,2532.15,0.0,0.0,2532.15,0.0,1,"Producción de cemento, cal y yeso"
METROGAS S A,2021,0.0,0.0,15.14,15.14,100.0,1,Otras actividades
MINERA LO VALDES LIMITADA,2021,5.19,0.0,32.04,37.23,86.05962933118452,2,Minería
MINERA SPENCE S A,2021,0.0,0.0,1208.75,1208.75,100.0,2,Minería
MOLYMETNOS S.A.,2021,1129.5,1.02,0.0,1130.52,0.0,4,Minería
MONSANTO CHILE  S.A.,2021,58.540000000000006,0.0,0.0,58.540000000000006,0.0,2,Producción agropecuaria
NESTLE CHILE SA,2021,806.36,1.1609999999999998,0.04,807.5609999999999,0.004953186198937295,6,Otras industrias manufactureras
NORACID SA,2021,1.28,0.0,0.0,1.28,0.0,1,"Industria química, de plástico y caucho"
OBRASCON HUARTE LAIN S A AGENCIA EN CHILE,2021,2220.014,0.0,0.0,2220.014,0.0,4,Construcción
ORBIT GARANT CHILE S.A.,2021,0.0,8.65,10.56,19.21,54.971369078604894,2,Minería
OXIQUIM S A,2021,0.0,0.0,40.79,40.79,100.0,1,"Industria química, de plástico y caucho"
PANAL SPA,2021,5821.2,0.0,0.0,5821.2,0.0,1,Otras actividades
PARQUE EOLICO CAMPO LINDO SPA,2021,91.38,0.0,0.0,91.38,0.0,1,Otras centrales de generación eléctrica
PERI CHILE ENCOFRADOS Y ANDAMIOS LIMITADA,2021,227.23,0.0,0.0,227.23,0.0,1,Construcción
PLACILLA SPA,2021,1694.68,0.0,0.0,1694.68,0.0,2,Otras actividades
PLASVI SPA,2021,0.0,0.0,26.82,26.82,100.0,2,"Industria química, de plástico y caucho"
PLAZA EGANA SPA,2021,90.0,0.0,102306.442,102396.442,99.91210632103798,6,Construcción
POLYDECK CHILE LIMITADA,2021,0.0,0.0,8.02,8.02,100.0,1,Otras industrias manufactureras
PREFABRICADOS DE HORMIGON GRAU S A,2021,5402.7,0.0,0.0,5402.7,0.0,1,Otras industrias manufactureras
PRIME ENERGIA QUICKSTART SPA,2021,1.2832999999999999,0.0,0.0,1.2832999999999999,0.0,3,Termoeléctricas
PROMET SERVICIOS SPA,2021,282.08,0.0,0.0,282.08,0.0,2,Construcción
PUERTA COSTANERA SPA,2021,382.8,0.0,0.0,382.8,0.0,1,Construcción
QUIMETAL INDUSTRIAL S A,2021,0.0,435.684,0.0,435.684,0.0,2,"Industria química, de plástico y caucho"
READY MIX HORMIGONES LIMITADA,2021,19168.0,0.0,0.0,19168.0,0.0,8,Otras industrias manufactureras
REFINERIA DE GRASAS Y ACEITES COMESTIBLES VIACAVA SPA.,2021,0.0,0.0,9.57,9.57,100.0,1,Otras industrias manufactureras
RESITER INDUSTRIAL S.A.,2021,0.0,1.683,582.041,583.724,99.71167880710748,5,Gestores de residuos
RINOL HORMIPUL CHILE S.A.,2021,17.6,0.0,0.0,17.6,0.0,4,Otras industrias manufactureras
ROTORY PVC SPA,2021,0.0,0.0,5.462000000000001,5.462000000000001,100.0,2,Otras industrias manufactureras
RUTA DEL MAIPO SOCIEDAD CONCESIONARIA S.A.,2021,3720.4,43.65,17.537,3781.587,0.46374709877096576,3,Construcción
SALADO ENERGY SPA,2021,3.03,0.0,0.0,3.03,0.0,1,Otras centrales de generación eléctrica
SANTIAGO SUR 1 SPA.,2021,2062.985,0.0,0.0,2062.985,0.0,8,Otras actividades
SCM MINERA LUMINA COPPER CHILE,2021,0.0,0.0,3621.6,3621.6,100.0,3,Minería
SERVICIO DE SALUD CHILOE,2021,129.74,0.0,0.0,129.74,0.0,2,Construcción
SERVICIO DE SALUD OCCIDENTE HOSPITAL SAN JUAN DE DIOS,2021,1057.64,0.0,0.0,1057.64,0.0,1,Otras actividades
SERVICIO DE SALUD VALPARAISO SAN ANTONIO,2021,188.12,0.0,0.0,188.12,0.0,1,Otras actividades
SERVICIO DE VIVIENDA Y URBANIZACION IX REGION,2021,0.0,0.0,65.97,65.97,100.0,1,Otras actividades
SERVICIO SALUD METROPOLITANO OCCIDENTE,2021,3365.17,0.0,0.0,3365.17,0.0,4,Otras actividades
SICE AGENCIA CHILE S.A.,2021,1.58,0.0,0.0,1.58,0.0,4,Otras actividades
SIKA S A CHILE,2021,2462.071,0.0,122.19,2584.261,4.728237589005135,11,"Industria química, de plástico y caucho"
SIMONETTI INMOBILIARIA S.A.,2021,50.46,0.0,2.88,53.34,5.399325084364453,2,Construcción
SINERGIA INMOBILIARIA S.A.,2021,11762.0,0.0,0.0,11762.0,0.0,13,Construcción
SISTEMA DE TRANSMISION DEL SUR S.A.,2021,0.0,0.0,124.245,124.245,100.0,4,Otras actividades
SKC S.A,2021,0.0,0.0,47.396,47.396,100.0,1,Ventas y mantención de vehículos automotores
SOC COMERCIAL DEGRAF LIMITADA,2021,0.0,165.444,158.7,324.144,48.95972160521249,2,Otras actividades
SOC CONCESIONARIA AUTOPISTA CENTRAL S A,2021,24.0,0.0,0.0,24.0,0.0,1,Otras actividades
SOC CONCESIONARIA AUTOPISTA DE LOS ANDES S A,2021,0.0,950.4,0.0,950.4,0.0,1,Otras actividades
SOC CONCESIONARIA AUTOPISTA DEL SOL S A,2021,347.12,0.0,0.0,347.12,0.0,1,Otras actividades
SOC CONCESIONARIA CENTRO DE JUSTICIA DE SANTIAGO S A,2021,28.97,0.0,0.0,28.97,0.0,1,Construcción
SOC DE CONSTRUCTORES TENSACON S A,2021,0.0,0.0,305.35200000000003,305.35200000000003,100.0,2,Construcción
SOC DE SERVICIOS TECNICOS GEOLOGI  COS GEOTEC BOYLES            BROS S A,2021,0.0,0.0,8.38,8.38,100.0,1,Minería
SOC INDUSTRIAL ROMERAL S A,2021,7196.87,0.0,0.0,7196.87,0.0,2,Otras industrias manufactureras
SOC MINERA ROSARIO LTDA,2021,0.0,0.04,29.3,29.34,99.86366734832993,3,Minería
SOC PETREOS S A,2021,46769.21,0.0,0.0,46769.21,0.0,5,Otras industrias manufactureras
SOCIEDAD AGRICOLA CAREN LIMITADA,2021,8.73,0.0,0.0,8.73,0.0,1,Producción agropecuaria
SOCIEDAD CONCESIONARIA AMB S.A.,2021,310.0,0.0,0.0,310.0,0.0,1,Otras actividades
SOCIEDAD CONCESIONARIA AMERICO VESPUCIO ORIENTE II S.A.,2021,1.0,0.0,0.0,1.0,0.0,1,Otras actividades
SOCIEDAD CONCESIONARIA RUTA DE LA FRUTA S.A.,2021,2.87,0.0,0.0,2.87,0.0,1,Construcción
SOCIEDAD CONCESIONARIA TUNEL EL MELON II S.A,2021,355.87,0.0,0.0,355.87,0.0,1,Construcción
SOCIEDAD CONCESIONARIA VESPUCIO ORIENTE S.A.,2021,2580.127,0.0,0.0,2580.127,0.0,2,Construcción
SOCIEDAD CONTRACTUAL MINERA FRANKE,2021,0.0,0.0,17.98,17.98,100.0,1,Minería
SOCIEDAD GNL MEJILLONES S.A.,2021,0.0,0.0,98.67,98.67,100.0,2,Otras actividades
SOCIEDAD INDUSTRIAL PIZARRENO S.A.,2021,7607.24,0.0,0.0,7607.24,0.0,4,Otras industrias manufactureras
SOCIEDAD LEM LABORATORIOS & ASISTENCIA TECNICA LIMITADA,2021,30.0,0.0,0.0,30.0,0.0,1,Otras actividades
SOCIEDAD PUNTA DE LOBOS S.A.,2021,0.0,0.0,0.284,0.284,100.0,1,Otras industrias manufactureras
SOCOMPA DE VERANO SPA,2021,7.98,0.0,0.0,7.98,0.0,1,Otras centrales de generación eléctrica
SOCOVESA INMOBILIARIA Y CONSTRUCCIONES S.A,2021,1756.17,0.0,0.0,1756.17,0.0,2,Construcción
SODIMAC S.A.,2021,408.9,0.0,0.0,408.9,0.0,4,Comercio mayorista
SOLCROM S A,2021,23.03,0.0,0.0,23.03,0.0,1,"Industria química, de plástico y caucho"
SOPRAVAL S A,2021,35.321999999999996,0.0,0.0,35.321999999999996,0.0,3,Producción agropecuaria
SOPROCAL CALERIAS E INDUSTRIAS S A,2021,0.0,3.13,0.0,3.13,0.0,1,"Producción de cemento, cal y yeso"
SYNTHEON CHILE LIMITADA,2021,0.0,79.09,0.0,79.09,0.0,2,"Industria química, de plástico y caucho"
TECNO FAST S.A.,2021,2440.07,0.0,0.0,2440.07,0.0,10,Construcción
TECNOVIAL S A,2021,0.0,0.0,412.326,412.326,100.0,1,Otras industrias manufactureras
TELEFONICA CHILE S.A.,2021,6.956,0.824,0.0,7.78,0.0,10,Otras actividades
TERQUIM S.A.,2021,0.0,0.0,50.37,50.37,100.0,1,Otras actividades
TERRITORIA APOQUINDO S.A,2021,4317.72,0.0,0.0,4317.72,0.0,2,Otras actividades
TIC SOLAR SPA,2021,15.94,0.0,0.0,15.94,0.0,1,Otras centrales de generación eléctrica
TOLPAN SUR SPA,2021,1.062,0.0,0.0,1.062,0.0,1,Otras centrales de generación eléctrica
TRANSELEC S A,2021,101.36000000000001,0.0,0.0,101.36000000000001,0.0,2,Otras actividades
TRANSMISORA DEL PACIFICO S.A.,2021,32.0,0.0,0.0,32.0,0.0,1,Otras actividades
TRANSPORTES ANDINA REFRESCOS LTDA,2021,17.46,0.0,0.0,17.46,0.0,1,Otras actividades
UNILEVER CHILE LTDA,2021,5.88,4.96,0.0,10.84,0.0,4,Otras actividades
UNIVERSIDAD DE CHILE,2021,1620.788,0.0,0.0,1620.788,0.0,9,Otras actividades
V S L SISTEMAS ESPECIALES DE CONSTRUCCION S A,2021,25.029999999999998,0.0,0.0,25.029999999999998,0.0,2,Construcción
VICUÑA CAPITAL SPA,2021,0.0,0.0,12.81,12.81,100.0,1,Otras actividades
VIDRIOS DELL ORTO S.A.,2021,0.0,0.0,1258.08,1258.08,100.0,2,Otras industrias manufactureras
VILLABLANCA INDUSTRIAL SOCIEDAD ANONIMA,2021,0.0,0.0,7.1,7.1,100.0,1,Otras industrias manufactureras
VITIVINICOLA PEREZ CRUZ LIMITADA,2021,2.44,0.0,0.0,2.44,0.0,1,Otras industrias manufactureras
VIVIENDAS ARAUCARIAS SPA,2021,612.0,0.0,0.0,612.0,0.0,1,Construcción
VIVIENDAS ECONOMICAS CINCO DE ABRIL S.A.,2021,852.0,0.0,0.0,852.0,0.0,4,Construcción
VIVIENDAS ECONOMICAS SAN LUIS S.A.,2021,890.05,0.0,0.0,890.05,0.0,2,Construcción
VJ S.A.,2021,31.0,1.2,0.0,32.2,0.0,2,Otras industrias manufactureras
WATT'S  S.A.,2021,20.52,9.698,171.88,202.09799999999998,85.04784807370682,6,Otras industrias manufactureras
WEIDENHAMMER CHILE LIMITADA,2021,0.97,0.0,0.0,0.97,0.0,1,Industria del papel y celulosa
WORLEY INGENIERIA Y CONSTRUCCION CHILE S.A.,2021,0.96,0.0,0.0,0.96,0.0,1,Otras actividades
WPD DUQUECO S.P.A,2021,4.68,0.0,0.0,4.68,0.0,2,Otras centrales de generación eléctrica
WPD MALLECO S.P.A.,2021,47.81,0.0,0.0,47.81,0.0,5,Otras centrales de generación eléctrica
WPD NEGRETE S.P.A.,2021,5.71,0.0,0.0,5.71,0.0,1,Otras centrales de generación eléctrica
WURTH CHILE LIMITADA,2021,317.15,0.0,0.0,317.15,0.0,1,Otras industrias manufactureras
ABASTIBLE S.A.,2022,14.0,0.0,0.0,14.0,0.0,1,Otras actividades
ABC SOLAR 3 SPA,2022,0.0,10.63,0.0,10.63,0.0,1,Otras centrales de generación eléctrica
ACEROS AZA S.A.,2022,4618.6900000000005,0.0,0.0,4618.6900000000005,0.0,2,Otras industrias manufactureras
ACONCAGUA FOODS S.A.,2022,93.04,0.0,9.71,102.75,9.450121654501217,2,Otras industrias manufactureras
ADMINISTRADORA DE SUPERMERCADOS HIPER LIMITADA,2022,215.76,0.0,0.0,215.76,0.0,1,Comercio minorista
ADMINISTRADORA DEL PRADO Y LA FORESTA SPA,2022,823.65,0.0,0.0,823.65,0.0,3,Otras actividades
AES ANDES S A,2022,29.08,0.0,130.64499999999998,159.72499999999997,81.79370793551416,6,Otras centrales de generación eléctrica
AGRICOLA SAN JOSE DE PERALILLO S A,2022,0.0,6.93,13.115,20.045,65.42778747817411,3,Otras industrias manufactureras
AGUAS ANDINAS S A,2022,124.41,0.0,0.0,124.41,0.0,1,"Captación, tratamiento y distribución de agua"
AGUAS CORDILLERA S A,2022,5.62,0.0,0.0,5.62,0.0,1,"Captación, tratamiento y distribución de agua"
AGUAS DE ANTOFAGASTA S.A.,2022,12.57,0.0,0.0,12.57,0.0,1,"Captación, tratamiento y distribución de agua"
AGUILAR Y COMPANIA LIMITADA,2022,0.0,0.0,6.55,6.55,100.0,1,Otras industrias manufactureras
AIR LIQUIDE CHILE S A,2022,0.0,0.0,0.109,0.109,100.0,1,Construcción
AISLANTES VOLCAN S A,2022,99.17,0.0,4.8,103.97,4.616716360488602,4,Otras industrias manufactureras
ALMAGRO S A,2022,2673.58,0.0,0.0,2673.58,0.0,6,Construcción
ALTO MAIPO SPA,2022,45680.0,0.0,501.097,46181.097,1.0850695036542763,17,Otras centrales de generación eléctrica
AMERIS UPC DEPARTAMENTAL TRES SPA,2022,2307.7,0.0,0.0,2307.7,0.0,2,Construcción
ANDES ANALYTICAL ASSAY SPA,2022,4.24,0.0,0.0,4.24,0.0,1,Otras actividades
ANGLO AMERICAN SUR S.A.,2022,2203.102,0.0,567.5300000000001,2770.632,20.483774099194697,4,Minería
AR LLANOS DEL VIENTO SPA,2022,11.15,0.0,0.0,11.15,0.0,1,Otras centrales de generación eléctrica
ARAUCO SPA,2022,2429.11,0.0,0.0,2429.11,0.0,5,Otras actividades
ARCADIA GENERACION SOLAR S.A.,2022,95.77000000000001,0.0,0.0,95.77000000000001,0.0,2,Otras centrales de generación eléctrica
ARCHROMA CHILE LIMITADA,2022,0.0,0.0,0.286,0.286,100.0,1,"Industria química, de plástico y caucho"
ARRENDAMIENTOS VICUNA MACKENNA MIL CUATROCIENTOS VEINTIOCHO SPA,2022,4410.03,0.0,0.0,4410.03,0.0,4,Construcción
ARRIGONI METALURGICA S.A.,2022,0.0,0.0,770.73,770.73,100.0,1,Otras industrias manufactureras
ASMIN INDUSTRIAL LIMITADA,2022,190.0,0.0,0.0,190.0,0.0,1,Otras actividades
ATCO SABINCO S.A,2022,638.44,0.02,60.42,698.88,8.645260989010989,3,Construcción
AVSA ALTO NUNOA SPA,2022,881.31,0.0,0.0,881.31,0.0,3,Otras actividades
AVSA ALTO SANTA ISABEL SPA,2022,1465.95,0.0,0.315,1466.265,0.021483156182545444,5,Otras actividades
AVSA NELSON SPA,2022,1526.85,0.0,0.0,1526.85,0.0,2,Otras actividades
AVSA NUEVA ZANARTU SPA,2022,1512.93,0.0,0.0,1512.93,0.0,3,Otras actividades
AVSA PDV SPA,2022,1124.04,0.0,0.0,1124.04,0.0,1,Otras actividades
B O PACKAGING S A,2022,192.0,0.0,0.0,192.0,0.0,1,"Industria química, de plástico y caucho"
BANCO CENTRAL DE CHILE,2022,51.035000000000004,0.0,0.0,51.035000000000004,0.0,3,Otras actividades
BASF CHILE S A,2022,9.549999999999999,0.0,0.0,9.549999999999999,0.0,2,"Industria química, de plástico y caucho"
BESALCO DESARROLLOS INMOBILIARIOS S.A.,2022,1485.0,0.0,0.0,1485.0,0.0,4,Construcción
BIO BIO CEMENTOS S.A.,2022,0.0,0.0,15.7,15.7,100.0,1,"Producción de cemento, cal y yeso"
BODENOR FLEX CENTER S A,2022,64.52,0.0,0.0,64.52,0.0,2,Otras actividades
BOTTAI S A,2022,0.0,0.0,47.08,47.08,100.0,1,Otras industrias manufactureras
BOULEVARD MACUL SPA,2022,13284.32,0.0,1.26,13285.58,0.009483966827191586,3,Otras actividades
BREDENMASTER SPA,2022,0.88,0.0,0.0,0.88,0.0,1,Otras industrias manufactureras
CAMILO FERRON CHILE S A,2022,1.47,0.0,0.0,1.47,0.0,1,Otras industrias manufactureras
CAPURATA DEL VERANO SPA,2022,6.76,0.0,0.0,6.76,0.0,1,Otras centrales de generación eléctrica
CARLOS RODRIGO MOLL SILVA,2022,4789.83,0.0,0.0,4789.83,0.0,2,Construcción
CARRERA CAPITAL SPA,2022,892.62,0.0,1115.34,2007.96,55.54592720970537,3,Otras actividades
CEMENTO POLPAICO S A,2022,0.0,71.78,0.0,71.78,0.0,1,"Producción de cemento, cal y yeso"
CEMENTOS BICENTENARIO S.A,2022,29.33,0.0,0.0,29.33,0.0,3,"Producción de cemento, cal y yeso"
CERRILLOS I SPA,2022,135.31,0.0,0.0,135.31,0.0,3,Construcción
CERRILLOS II SPA,2022,763.159,0.0,0.0,763.159,0.0,3,Construcción
CERRILLOS SPA,2022,745.38,0.0,7010.0,7755.38,90.38886553592474,3,Construcción
CERVECERA CCU CHILE LIMITADA,2022,294.97,0.0,511.352,806.322,63.41784051532762,7,Otras industrias manufactureras
CGE DISTRIBUCION S A,2022,141.89,1.705,0.0,143.595,0.0,5,Otras actividades
CHILENA DE MOLDEADOS SPA,2022,238.3,0.0,0.0,238.3,0.0,2,Industria del papel y celulosa
CIA ELECTRO METALURGICA S A,2022,0.0,0.0,586.0,586.0,100.0,1,Otras industrias manufactureras
CIA INDUSTRIAL EL VOLCAN S A,2022,30833.001,0.0,0.0,30833.001,0.0,10,"Producción de cemento, cal y yeso"
CIA MINERA CERRO NEGRO S A,2022,26.39,0.0,25.259999999999998,51.65,48.906098741529526,4,Minería
CIA MINERA DEL PACIFICO S.A.,2022,590.448,0.0,748.38,1338.828,55.89814374960787,6,Minería
CIA MINERA DONA INES DE COLLAHUASI SCM,2022,0.0,660.296,0.0,660.296,0.0,1,Minería
CINTAC S.A.I.C.,2022,0.0,0.0,1473.269,1473.269,100.0,1,Otras industrias manufactureras
CLARIANT COLORQUIMICA CHILE LTDA,2022,921.3,0.0,0.0,921.3,0.0,3,"Industria química, de plástico y caucho"
CLAUDIA ANDREA BARRIOS VERA,2022,2142.1890000000003,0.0,0.0,2142.1890000000003,0.0,4,Construcción
COCA COLA EMBONOR S A,2022,31.71,0.0,0.0,31.71,0.0,1,Otras industrias manufactureras
COIPUE SPA,2022,305.25,0.0,11444.0,11749.25,97.40196182735068,4,Construcción
COLADA CONTINUA CHILENA SA,2022,0.0,10.39,50.25,60.64,82.8660949868074,2,Otras industrias manufactureras
COLBUN S A,2022,0.0,0.0,16.060000000000002,16.060000000000002,100.0,2,Termoeléctricas
COMERCIAL & LOGISTICA GENERAL S A,2022,1.8,0.0,0.0,1.8,0.0,3,Otras actividades
COMERCIAL A Y B LTDA,2022,34.8,0.0,0.0,34.8,0.0,1,Otras industrias manufactureras
COMERCIAL K LIMITADA,2022,3102.0,0.0,0.0,3102.0,0.0,1,Construcción
COMERCIALIZADORA DE RESIDUOS CORASA LIMITADA,2022,0.0,0.0,8.38,8.38,100.0,1,Gestores de residuos
COMERCIALIZADORA FORPEC SPA,2022,5.16,0.0,0.0,5.16,0.0,1,Otras industrias manufactureras
COMPANIA EL CARMEN DE CHICUREO S.A,2022,7656.75,0.0,0.0,7656.75,0.0,2,Otras actividades
COMPANIA GENERAL DE ELECTRICIDAD S.A.,2022,4273.474999999999,1.227,45.007999999999996,4319.709999999999,1.0419217956760989,49,Otras actividades
COMPANIA PISQUERA DE CHILE S A,2022,0.0,0.0,8.51,8.51,100.0,1,Otras industrias manufactureras
COMPANIAS CIC S A,2022,27.57,0.0,0.0,27.57,0.0,1,Otras industrias manufactureras
CONSORCIO DE SALUD SANTIAGO ORIENTE S.A. SOCIEDAD CONCESIONARIA,2022,59695.490000000005,0.0,10.26,59705.75000000001,0.017184274546421404,6,Construcción
CONSORCIO ICAFAL - L Y D S.A..,2022,4664.9400000000005,0.0,0.0,4664.9400000000005,0.0,2,Construcción
CONSORCIO INMOBILIARIO MBI LIMITADA,2022,770.0,0.0,0.0,770.0,0.0,1,Otras actividades
CONSTRUCTORA ALMAGRO S A,2022,12627.309,0.0,0.0,12627.309,0.0,15,Construcción
CONSTRUCTORA CONCRETA SPA,2022,4155.299,0.0,0.0,4155.299,0.0,9,Construcción
CONSTRUCTORA DE PAVIMENTOS ASFALTICOS BITUMIX S.A,2022,10451.4,2609.7250000000004,0.0,13061.125,0.0,6,Otras industrias manufactureras
CONSTRUCTORA E INMOBILIARIA BERSA CERRO COLORADO S.A.,2022,6410.16,0.0,0.0,6410.16,0.0,1,Otras actividades
CONSTRUCTORA E INMOBILIARIA LA DEHESA S.A.,2022,717.75,0.0,0.0,717.75,0.0,1,Construcción
CONSTRUCTORA E INMOBILIARIA PRESIDENTE RIESCO S.A.,2022,1893.2450000000001,0.0,0.0,1893.2450000000001,0.0,3,Otras actividades
CONSTRUCTORA L Y D S A,2022,5718.7699999999995,0.0,0.0,5718.7699999999995,0.0,15,Construcción
CONSTRUCTORA LO BLANCO SPA,2022,167.04,0.0,0.0,167.04,0.0,1,Construcción
CONSTRUCTORA NAHMIAS LIMITADA,2022,3.051,0.0,0.0,3.051,0.0,1,Construcción
CONSTRUCTORA NOVAL LIMITADA,2022,970.0,0.0,0.0,970.0,0.0,2,Construcción
CONSTRUCTORA PACAL S A,2022,660.0,0.0,5.12,665.12,0.7697859032956459,4,Construcción
CONSTRUCTORA PAZ SPA,2022,674.24,0.0,0.0,674.24,0.0,1,Construcción
CONSTRUCTORA SAN IGNACIO LIMITADA,2022,30.045,0.0,0.0,30.045,0.0,1,Construcción
CONSTRUMART S.A.,2022,268.78999999999996,0.0,0.0,268.78999999999996,0.0,5,Comercio minorista
CORP NACIONAL DEL COBRE DE CHILE,2022,0.0,667.87,14781.380000000001,15449.250000000002,95.6770069744486,4,Minería
CORTEVA AGRISCIENCE CHILE LIMITADA,2022,27.84,0.0,0.0,27.84,0.0,1,Producción agropecuaria
COTELSA S.A.,2022,0.0,0.0,1.8199999999999998,1.8199999999999998,100.0,2,Industria de la madera y silvicultura
CRISTALERIAS TORO SPA,2022,1311.73,0.0,180.84,1492.57,12.116014659278962,7,Otras industrias manufactureras
DESARROLLO INMOBILIARIO EJERCITO LIBERTADOR SPA,2022,8104.370000000001,0.0,0.0,8104.370000000001,0.0,3,Construcción
DESERT KING CHILE S.A.,2022,0.0,0.0,12.96,12.96,100.0,1,Otras industrias manufactureras
DICTUC S.A.,2022,9.0,0.0,126.0,135.0,93.33333333333333,3,Otras actividades
DIEGO DE ALMAGRO TRANSMISORA DE ENERGIA S.A.,2022,15.24,0.0,0.0,15.24,0.0,2,Otras actividades
DIMACOFI S A,2022,10.44,0.0,0.0,10.44,0.0,1,Otras actividades
DISTRIBUIDORA CUMMINS CHILE S A,2022,0.0,246.168,0.0,246.168,0.0,1,Comercio mayorista
DOMEYKO SPA,2022,1956.63,0.0,0.0,1956.63,0.0,1,Construcción
DOMINION SPA,2022,63.13,0.0,0.0,63.13,0.0,1,Otras actividades
DSPUENTEALTO SPA,2022,5367.360000000001,0.0,0.0,5367.360000000001,0.0,4,Construcción
E. MOLINA MOREL INMOBILIARIA LIMITADA,2022,1534.333,0.0,0.0,1534.333,0.0,4,Construcción
EBCO S A,2022,869.13,0.0,0.0,869.13,0.0,1,Construcción
EBCO S.A.,2022,32551.575,0.0,0.0,32551.575,0.0,41,Construcción
ECHEVERRIA IZQUIERDO CONSTRUCCIONES S.A.,2022,9.0,0.0,0.0,9.0,0.0,1,Construcción
ECHEVERRIA IZQUIERDO EDIFICACIONES S.A.,2022,138.0,0.0,0.0,138.0,0.0,2,Construcción
ELECTRICA CENIZAS SA,2022,7.0,0.0,0.0,7.0,0.0,1,Termoeléctricas
ELECTROLUX DE CHILE S.A.,2022,193.55,0.0,0.0,193.55,0.0,1,Otras industrias manufactureras
EMBOTELLADORA ANDINA S A,2022,38.27,0.0,0.0,38.27,0.0,1,Otras industrias manufactureras
EMBOTELLADORA METROPOLITANA S.A.,2022,25.48,0.0,36.86,62.34,59.12736605710619,8,Otras industrias manufactureras
EMPRESA DE AGUA POTABLE IZARRA DE LO AGUIRRE S A,2022,26.87,0.0,0.0,26.87,0.0,1,"Captación, tratamiento y distribución de agua"
EMPRESA DE LOS FERROCARRILES DEL ESTADO,2022,5937.711,0.0,0.0,5937.711,0.0,7,Otras actividades
EMPRESA DE TRANSPORTE DE PASAJEROS METRO S A,2022,7524.928571,0.0,86.118286,7611.046857,1.131490682136527,15,Otras actividades
EMPRESA DISTRIBUIDORA DE PAPELES Y CARTONES SPA,2022,26.82,2.13,0.0,28.95,0.0,2,Comercio mayorista
EMPRESA ELECTRICA CAMPICHE SPA,2022,0.0,0.0,59.658,59.658,100.0,1,Termoeléctricas
EMPRESA ELECTRICA PUENTE ALTO S.A.,2022,313.03,0.0,0.0,313.03,0.0,3,Otras actividades
EMPRESA ELECTRICA VENTANAS SPA,2022,0.0,0.0,59.658,59.658,100.0,1,Termoeléctricas
EMPRESAS GASCO S.A.,2022,350.61,0.0,114.12,464.73,24.556193919049772,2,Otras actividades
ENEL DISTRIBUCION CHILE S.A.,2022,24751.332000000002,0.0,417.057,25168.389000000003,1.6570667276320308,33,Otras actividades
ENEL GENERACION CHILE S.A.,2022,52.3055,0.0,37.852000000000004,90.1575,41.984305243601476,9,Termoeléctricas
ENEL GREEN POWER CHILE SA,2022,164.88,0.0,0.0,164.88,0.0,6,Otras centrales de generación eléctrica
ENERGIA CERRO EL MORADO SPA,2022,0.03,0.0,0.0,0.03,0.0,1,Otras centrales de generación eléctrica
ENERGIA RENOVABLE CHAMPA SPA,2022,621.057444,0.0,0.0,621.057444,0.0,2,Otras centrales de generación eléctrica
ENVASES CENTRAL S A,2022,0.0,438.746,13.955,452.70099999999996,3.082608609214471,6,Otras industrias manufactureras
ENVASES IMPRESOS CORDILLERA SPA,2022,3.78,0.0,0.0,3.78,0.0,1,Industria del papel y celulosa
ENVASES Y LITOGRAFIA AGUILA S.A.,2022,0.0,0.0,50.2,50.2,100.0,1,Otras industrias manufactureras
ESMAX DISTRIBUCION SPA,2022,104.208,0.0,0.0,104.208,0.0,1,Comercio mayorista
EUROCORP DOS S.A.,2022,17737.2,0.0,0.0,17737.2,0.0,13,Construcción
EWOS CHILE ALIMENTOS LIMITADA,2022,37.13,0.0,0.0,37.13,0.0,1,Otras industrias manufactureras
EXEQUIEL FERNANDEZ SPA,2022,686.03,0.0,22579.0,23265.03,97.05123956427309,3,Construcción
FABRICACIONES METALICAS CONTAINERLAND LIMITADA,2022,143.15,0.0,0.0,143.15,0.0,1,Otras industrias manufactureras
FABRICAS Y MAESTRANZAS DEL EJERCITO,2022,0.0,0.0,23.0,23.0,100.0,1,"Industria química, de plástico y caucho"
FALABELLA INMOBILIARIO S.A,2022,3.2,0.0,0.0,3.2,0.0,1,Otras actividades
FCA PAVIMENTOS Y REVESTIMIENTOS BUDNIK HNOS S A,2022,284.19,0.0,0.0,284.19,0.0,2,Otras industrias manufactureras
FERROCARRIL DE ANTOFAGASTA A BOLIVIA,2022,40.05,0.0,0.0,40.05,0.0,2,Otras actividades
FIBROCEMENTOS VOLCAN LIMITADA,2022,2052.59,0.0,2.66,2055.25,0.12942464420386815,5,Otras industrias manufactureras
FIEFRE S.A,2022,67.86,0.0,0.0,67.86,0.0,1,Otras industrias manufactureras
FINNING CHILE SA,2022,4.03,0.0,0.0,4.03,0.0,1,Comercio mayorista
FLESAN ANCLAJES S.A.,2022,0.0,0.0,1.35,1.35,100.0,4,Construcción
FLSMIDTH S.A.,2022,0.0,0.0,2.855,2.855,100.0,1,Otras industrias manufactureras
FOTOVOLTAICA BOLDO SPA,2022,31.740000000000002,0.0,0.0,31.740000000000002,0.0,2,Otras centrales de generación eléctrica
FRANKLIN SPA,2022,945.0,0.0,0.0,945.0,0.0,1,Construcción
FUCHS GELLONA Y SILVA S A,2022,8051.27,0.0,4040.5,12091.77,33.41528990379407,30,Construcción
FUND INSTITUTO PROFESIONAL DUOC UC,2022,184.26,0.0,1.167,185.427,0.6293581840832242,4,Otras actividades
FUNDACION INVICA,2022,5732.16,0.0,0.0,5732.16,0.0,2,Otras actividades
GASCO GLP S A,2022,0.0,0.0,723.5429999999999,723.5429999999999,100.0,3,Otras actividades
GESPANIA CONSTRUCTORA S.A.,2022,323.24,0.0,0.0,323.24,0.0,2,Construcción
GESTION INTEGRAL DE RESIDUOS GEOBARRA EXINS S.A.,2022,1268.58,0.0,42.225,1310.8049999999998,3.221302939796538,5,Gestores de residuos
GESTION VIAL S A,2022,681.97,0.0,0.0,681.97,0.0,6,Construcción
GNL QUINTERO SA,2022,66.44300000000001,0.0,0.0,66.44300000000001,0.0,2,Otras actividades
GOODYEAR DE CHILE S A I C,2022,0.0,160.929,199.204,360.13300000000004,55.31400899112272,3,"Industria química, de plástico y caucho"
GPG GENERACION DISTRIBUIDA SPA,2022,9.36,0.0,0.0,9.36,0.0,1,Otras centrales de generación eléctrica
GS EXPORTACIONES SOCIEDAD ANONIMA,2022,45.52,0.0,0.0,45.52,0.0,1,Gestores de residuos
GUANACO COMPANIA MINERA SPA,2022,126.93,0.0,0.0,126.93,0.0,1,Minería
HARTING LIMITADA,2022,35.533,0.0,0.0,35.533,0.0,2,"Industria química, de plástico y caucho"
HENKEL CHILE LIMITADA,2022,10.9,0.0,57.739,68.639,84.11981526537392,4,"Industria química, de plástico y caucho"
HIPERMERCADOS TOTTUS SA,2022,1569.6899999999998,0.0,0.0,1569.6899999999998,0.0,7,Comercio minorista
HORMIGONES BICENTENARIO S.A.,2022,67366.38,0.0,0.0,67366.38,0.0,3,Otras industrias manufactureras
HORMISUR INEIN S A,2022,490.0,0.0,0.0,490.0,0.0,1,Construcción
I MUNICIPALIDAD LO BARNECHEA,2022,2038.06,0.0,3.19,2041.25,0.15627679118187385,6,Construcción
IBM DE CHILE S A C,2022,0.0,0.0,6.2,6.2,100.0,2,Otras actividades
ICONEX (CHILE) SPA,2022,0.0,0.748,0.0,0.748,0.0,1,Otras industrias manufactureras
IDEA INVERSIONES INMOBILIARIAS SEIS SPA,2022,4120.0,0.0,0.0,4120.0,0.0,6,Construcción
IDEAL S.A.,2022,0.0,77.65599999999999,0.0,77.65599999999999,0.0,3,Otras industrias manufactureras
IMPRESORA Y COMERCIAL FE & SER LTDA,2022,0.0,0.0,0.7,0.7,100.0,1,Otras industrias manufactureras
INDUSTRIA DE BALDOSAS MICROVIBRADAS S A,2022,111.49,0.0,0.0,111.49,0.0,1,Otras industrias manufactureras
INDUSTRIA DE TUBOS Y PREFABRICADOS DE HORMIGON BUDNIK S A,2022,104.39999999999999,0.0,0.0,104.39999999999999,0.0,3,Otras industrias manufactureras
INDUSTRIAL OCHAGAVIA LIMITADA,2022,73.62,0.0,0.0,73.62,0.0,1,Otras industrias manufactureras
INGENIERIA Y CONSTRUCCION SIGDO    KOPPERS S A,2022,7.130369999999999,0.0,0.0,7.130369999999999,0.0,2,Construcción
INMOB LA CRUZ SA,2022,3440.0,0.0,750.0,4190.0,17.899761336515514,6,Otras actividades
INMOB PLAZA CHACABUCO SA,2022,2829.24,0.0,0.0,2829.24,0.0,1,Construcción
INMOBILIARIA ACTIVA BUSTOS S.A.,2022,955.26,0.0,0.0,955.26,0.0,1,Construcción
INMOBILIARIA ALTO HIPODROMO S.A.,2022,2829.24,0.0,0.0,2829.24,0.0,1,Construcción
INMOBILIARIA ALTO LA CRUZ LIMITADA,2022,4079.37,0.0,0.0,4079.37,0.0,2,Otras actividades
INMOBILIARIA AMERICO VESPUCIO 4641 S A,2022,0.0,0.0,2430.0,2430.0,100.0,1,Construcción
INMOBILIARIA ANDES SPA,2022,252.0,0.0,0.0,252.0,0.0,1,Otras actividades
INMOBILIARIA ARCILLA ROJA S.A,2022,850.39,0.0,0.0,850.39,0.0,4,Construcción
INMOBILIARIA AYRES ORIENTE S.A.,2022,2130.0,0.0,0.0,2130.0,0.0,1,Construcción
INMOBILIARIA BARRIO PARQUE SANTIAGO SPA,2022,433.0,0.0,0.0,433.0,0.0,2,Otras actividades
INMOBILIARIA BE SMART SAN MIGUEL SPA,2022,144.0,0.0,0.0,144.0,0.0,1,Otras actividades
INMOBILIARIA BELGICA 1574 SPA,2022,1996.6499999999999,0.0,18.22,2014.87,0.9042767027153117,6,Otras actividades
INMOBILIARIA BELLAVISTA SPA,2022,629.88,0.0,0.0,629.88,0.0,1,Otras actividades
INMOBILIARIA BILBAO SPA,2022,1392.0,0.0,4590.0,5982.0,76.73019057171514,3,Otras actividades
INMOBILIARIA BROWN NORTE SPA,2022,786.48,0.0,0.0,786.48,0.0,2,Otras actividades
INMOBILIARIA BROWN SUR SPA,2022,698.61,0.0,0.0,698.61,0.0,2,Otras actividades
INMOBILIARIA BUIN S.A.,2022,1719.36,0.0,0.0,1719.36,0.0,2,Construcción
INMOBILIARIA BUSTAMANTE SPA,2022,218.97899999999998,0.0,0.0,218.97899999999998,0.0,2,Otras actividades
INMOBILIARIA CAPITAN ORELLA SPA,2022,902.19,0.0,0.0,902.19,0.0,2,Otras actividades
INMOBILIARIA CAROL URZUA LIMITADA,2022,441.0,0.0,0.0,441.0,0.0,1,Otras actividades
INMOBILIARIA CIENTO CINCO S.A.,2022,821.7,0.0,0.0,821.7,0.0,1,Construcción
INMOBILIARIA CIENTO TRES S.A.,2022,96.0,0.0,0.0,96.0,0.0,1,Otras actividades
INMOBILIARIA CLARO DECOMBE SPA,2022,696.06,0.0,0.0,696.06,0.0,2,Construcción
INMOBILIARIA COLOSO VICUNA MACKENNA LIMITADA,2022,243.6,0.0,0.0,243.6,0.0,1,Construcción
INMOBILIARIA CONDE DEL MAULE 4669 SPA,2022,1030.58,0.0,0.0,1030.58,0.0,2,Construcción
INMOBILIARIA CURINANCA SPA,2022,1158.84,0.0,0.0,1158.84,0.0,1,Otras actividades
INMOBILIARIA DESARROLLO REGENERA V SPA,2022,578.55,0.0,0.0,578.55,0.0,3,Otras actividades
INMOBILIARIA DOMEYKO SPA,2022,715.55,0.0,0.0,715.55,0.0,1,Construcción
INMOBILIARIA DON CARLOS SPA,2022,541.53,0.0,0.0,541.53,0.0,2,Otras actividades
INMOBILIARIA DON DIEGO SPA,2022,438.27,0.0,0.0,438.27,0.0,3,Otras actividades
INMOBILIARIA DON FEDERICO SPA,2022,580.8,0.0,0.0,580.8,0.0,1,Construcción
INMOBILIARIA DON VICENTE TRES SPA,2022,450.0,0.0,0.0,450.0,0.0,1,Otras actividades
INMOBILIARIA DONA ISABEL SPA,2022,158.4,0.0,0.0,158.4,0.0,1,Construcción
INMOBILIARIA E INVERSIONES DOS M LIMITADA,2022,34.0,0.0,135.279,169.279,79.91481518676268,4,Gestores de residuos
INMOBILIARIA EL ALBA DE VALLE GRANDE S.A.,2022,912.0,0.0,0.0,912.0,0.0,1,Construcción
INMOBILIARIA EL DESCANSO S.A.,2022,2439.0,0.0,0.0,2439.0,0.0,2,Construcción
INMOBILIARIA EL NOGAL SPA,2022,1206.0,0.0,0.0,1206.0,0.0,1,Otras actividades
INMOBILIARIA EL RODEO FORTALEZA SPA,2022,418.47,0.0,0.0,418.47,0.0,2,Construcción
INMOBILIARIA EL TRANQUE SPA,2022,1867.5,0.0,0.0,1867.5,0.0,2,Otras actividades
INMOBILIARIA ERASMO ESCALA SPA,2022,5926.1268,0.0,5.731,5931.8578,0.09661391410967404,4,Construcción
INMOBILIARIA ESMERALDA SPA,2022,441.0,0.0,0.0,441.0,0.0,1,Construcción
INMOBILIARIA ESQUEMA SPA,2022,130.0,0.0,0.0,130.0,0.0,1,Otras actividades
INMOBILIARIA ESTOCOLMO FORTALEZA SPA,2022,1544.25,0.0,0.0,1544.25,0.0,2,Construcción
INMOBILIARIA EXEQUIEL FERNANDEZ SPA,2022,3010.8,0.0,0.0,3010.8,0.0,3,Construcción
INMOBILIARIA FEDERICO SCOTTO SPA,2022,288.0,0.0,0.0,288.0,0.0,1,Construcción
INMOBILIARIA FP 75 SPA,2022,5531.56179,0.0,0.0,5531.56179,0.0,5,Construcción
INMOBILIARIA FRAMBUESAL SPA,2022,600.0,0.0,0.0,600.0,0.0,3,Construcción
INMOBILIARIA FROILAN ROA SPA,2022,1340.47,0.0,0.0,1340.47,0.0,5,Otras actividades
INMOBILIARIA GIMAX 75 SPA,2022,1262.8,0.0,0.0,1262.8,0.0,1,Otras actividades
INMOBILIARIA GIMAX 76 SPA,2022,948.4,0.0,0.0,948.4,0.0,1,Otras actividades
INMOBILIARIA GRAJALES SPA,2022,1394.76,0.0,0.0,1394.76,0.0,5,Construcción
INMOBILIARIA IMB LUCO SPA,2022,1032.0,0.0,0.0,1032.0,0.0,4,Construcción
INMOBILIARIA INGLATERRA S.A.,2022,425.877,0.0,0.0,425.877,0.0,1,Otras actividades
INMOBILIARIA IRARRAZAVAL SPA,2022,1227.23,0.0,0.0,1227.23,0.0,5,Otras actividades
INMOBILIARIA ISIETE METROPOLITANA I SPA,2022,626.4,0.0,0.0,626.4,0.0,1,Construcción
INMOBILIARIA ISIETE METROPOLITANA II SPA,2022,985.71,0.0,0.0,985.71,0.0,2,Construcción
INMOBILIARIA ISIETE METROPOLITANA III SPA,2022,1295.4299999999998,0.0,0.0,1295.4299999999998,0.0,2,Construcción
INMOBILIARIA LA BALLENA S A,2022,1141.84,0.0,0.0,1141.84,0.0,2,Construcción
INMOBILIARIA LA CISTERNA SPA,2022,1076.64,0.0,0.0,1076.64,0.0,3,Construcción
INMOBILIARIA LA FLORIDA UNO SPA,2022,2426.4300000000003,0.0,0.0,2426.4300000000003,0.0,2,Construcción
INMOBILIARIA LAMPA ORIENTE S.A.,2022,5370.0,0.0,0.0,5370.0,0.0,1,Construcción
INMOBILIARIA LAS CONDES 10800 SPA,2022,2503.8,0.0,0.0,2503.8,0.0,1,Otras actividades
INMOBILIARIA LAS VIZCACHAS SPA,2022,1192.1399999999999,0.0,0.0,1192.1399999999999,0.0,3,Construcción
INMOBILIARIA LATADIA SPA,2022,181.44,0.0,0.0,181.44,0.0,1,Otras actividades
INMOBILIARIA LOMAS DE ASIS LIMITADA,2022,6364.41,0.0,0.0,6364.41,0.0,2,Otras actividades
INMOBILIARIA LOS ALERCES SPA,2022,642.05997,0.0,0.0,642.05997,0.0,1,Otras actividades
INMOBILIARIA LOS JARDINES DE SAN FRANCISCO DE ASIS S.A.,2022,461.1,0.0,0.0,461.1,0.0,1,Construcción
INMOBILIARIA LOS NOGALES SPA,2022,257.84,0.0,0.0,257.84,0.0,1,Otras actividades
INMOBILIARIA LOS SACRAMENTINOS S A,2022,3350.37,0.0,0.0,3350.37,0.0,6,Otras actividades
INMOBILIARIA MANANTIAL LIMITADA,2022,623.79,0.0,0.0,623.79,0.0,2,Construcción
INMOBILIARIA MAULE SPA,2022,87.0,0.0,0.0,87.0,0.0,1,Otras actividades
INMOBILIARIA MIRADOR SPA,2022,590.295,0.0,0.0,590.295,0.0,2,Otras actividades
INMOBILIARIA MORANDE SUR SPA,2022,1175.37,0.0,0.0,1175.37,0.0,4,Construcción
INMOBILIARIA NUCLEO ALMEYDA S.A.,2022,1574.278,0.0,0.0,1574.278,0.0,2,Otras actividades
INMOBILIARIA NUCLEO COTAPOS SPA,2022,993.47,0.0,0.0,993.47,0.0,2,Otras actividades
INMOBILIARIA NUCLEO EL ROBLE SPA,2022,2614.3,12.775,2.43,2629.505,0.09241283055175785,6,Otras actividades
INMOBILIARIA NUCLEO LOS ACACIOS SPA,2022,909.15,0.0,0.0,909.15,0.0,1,Otras actividades
INMOBILIARIA NUCLEO LOS MAITENES SPA,2022,1875.8600000000001,0.0,0.0,1875.8600000000001,0.0,2,Construcción
INMOBILIARIA NUEVA QUILICURA LIMITADA,2022,431.52,0.0,0.0,431.52,0.0,2,Otras actividades
INMOBILIARIA OLIVARES SPA,2022,246.05,0.0,0.0,246.05,0.0,2,Otras actividades
INMOBILIARIA PAJARITOS SPA,2022,659.5409999999999,0.0,0.0,659.5409999999999,0.0,3,Otras actividades
INMOBILIARIA PARQUE ANDINO SPA,2022,1753.5,0.0,0.0,1753.5,0.0,2,Otras actividades
INMOBILIARIA PARQUE CHICUREO S.A.,2022,1460.0,0.0,0.0,1460.0,0.0,1,Construcción
INMOBILIARIA PAZ SPA,2022,9080.58,0.0,0.0,9080.58,0.0,4,Construcción
INMOBILIARIA PDV 70 SPA,2022,69.6,0.0,0.0,69.6,0.0,1,Construcción
INMOBILIARIA PEDRO DE ONA SPA,2022,918.45,0.0,0.0,918.45,0.0,1,Otras actividades
INMOBILIARIA PEDRO DE VALDIVIA SPA,2022,2850.91,0.0,0.0,2850.91,0.0,2,Construcción
INMOBILIARIA PILARES S.A.,2022,645.54,0.0,6.75,652.29,1.034815802787104,3,Otras actividades
INMOBILIARIA PK 67 S A,2022,3300.37,0.0,0.0,3300.37,0.0,1,Construcción
INMOBILIARIA PLAZA PROVIDENCIA SPA,2022,1970.5500000000002,0.0,0.0,1970.5500000000002,0.0,2,Construcción
INMOBILIARIA PORTAL SANTA MARIA S.A..,2022,2654.0,0.0,0.0,2654.0,0.0,1,Construcción
INMOBILIARIA PORTUGAL SPA,2022,277.2,0.0,0.0,277.2,0.0,1,Construcción
INMOBILIARIA PROYECTO MACUL SPA,2022,963.09,0.0,0.0,963.09,0.0,1,Construcción
INMOBILIARIA PUANGUE SPA,2022,1403.79,0.0,0.0,1403.79,0.0,2,Construcción
INMOBILIARIA PUCARA SPA,2022,921.33,0.0,0.0,921.33,0.0,2,Otras actividades
INMOBILIARIA PUERTA ORIENTE LIMITADA,2022,0.0,0.0,3.02,3.02,100.0,1,Otras actividades
INMOBILIARIA PUERTAS DE LA DEHESA SPA,2022,312.0,0.0,0.0,312.0,0.0,2,Otras actividades
INMOBILIARIA RALEI INDEPENDENCIA II SPA,2022,3107.0,0.0,0.0,3107.0,0.0,4,Otras actividades
INMOBILIARIA RECREO 321 SPA,2022,824.0,0.0,0.0,824.0,0.0,3,Construcción
INMOBILIARIA RENTAS SOUPER SPA,2022,1593.84,0.0,0.0,1593.84,0.0,3,Otras actividades
INMOBILIARIA ROBERTO ESPINOZA SPA,2022,1093.5900000000001,0.0,0.0,1093.5900000000001,0.0,2,Otras actividades
INMOBILIARIA ROMAN DIAZ SPA,2022,662.79,0.0,0.0,662.79,0.0,3,Otras actividades
INMOBILIARIA RUTA DESARROLLO DOS SPA,2022,439.75,0.0,0.0,439.75,0.0,2,Otras actividades
INMOBILIARIA RUTA DESARROLLO TRES SPA,2022,990.06,0.0,0.0,990.06,0.0,1,Otras actividades
INMOBILIARIA RUTA DESARROLLO UNO SPA,2022,921.3,0.0,0.0,921.3,0.0,5,Otras actividades
INMOBILIARIA SAN EUGENIO SPA,2022,262.0,0.0,0.0,262.0,0.0,1,Otras actividades
INMOBILIARIA SAN JOAQUIN SPA,2022,758.34,0.0,0.0,758.34,0.0,4,Construcción
INMOBILIARIA SAN JOSE DE LA ESTRELLA SPA,2022,1560.0,0.0,0.0,1560.0,0.0,2,Construcción
INMOBILIARIA SANTA CLARA SPA,2022,266.22,0.0,0.0,266.22,0.0,1,Construcción
INMOBILIARIA SANTA ELISA SUR SPA,2022,1925.2930000000001,0.0,3.71,1929.0030000000002,0.19232733178745703,5,Otras actividades
INMOBILIARIA SANTA ELVIRA SPA,2022,2401.0,0.0,0.0,2401.0,0.0,1,Otras actividades
INMOBILIARIA SANTA MARIA OFFICE SPA,2022,66.0,0.0,0.0,66.0,0.0,1,Otras actividades
INMOBILIARIA SANTA ROSA SPA,2022,674.25,0.0,0.0,674.25,0.0,1,Otras actividades
INMOBILIARIA SIMETRIA I SPA,2022,1093.679,0.0,0.0,1093.679,0.0,3,Construcción
INMOBILIARIA SUR CINCUENTA Y DOS SPA,2022,2211.54,0.0,0.0,2211.54,0.0,2,Construcción
INMOBILIARIA TOESCA SPA,2022,2164.59,0.0,0.0,2164.59,0.0,4,Otras actividades
INMOBILIARIA TORRE APOQUINDO SPA,2022,4488.3,0.0,330.0,4818.3,6.8488886121661166,2,Otras actividades
INMOBILIARIA URBANO BUSTAMANTE SPA,2022,0.0,0.0,187.0,187.0,100.0,1,Construcción
INMOBILIARIA URBANO PARK SPA,2022,117.0,0.0,0.0,117.0,0.0,1,Construcción
INMOBILIARIA VALDIVIA UNO SPA,2022,1358.92,0.0,144.0,1502.92,9.581348308625873,4,Otras actividades
INMOBILIARIA VIDA NUEVA LIMITADA,2022,702.0,0.0,0.0,702.0,0.0,1,Construcción
INMOBILIARIA VISTA KENNEDY SPA,2022,2881.44,0.0,0.0,2881.44,0.0,2,Otras actividades
INMOBILIARIA VISTA SAN MARTIN SPA,2022,1252.8,0.0,0.0,1252.8,0.0,2,Construcción
INMOBILIARIA VIVACETA SPA,2022,2504.17,0.0,0.0,2504.17,0.0,4,Construcción
INMOBILIARIA VIVIENDAS 2000 SPA,2022,1319.18,0.0,0.0,1319.18,0.0,4,Construcción
INMOBILIARIA Y COMERCIAL QUILICURA LIMITADA,2022,1272.0,0.0,0.0,1272.0,0.0,2,Construcción
INMOBILIARIA Y CONSTRUCTORA DON ANTONIO SPA,2022,5716.0,0.0,0.0,5716.0,0.0,1,Construcción
INMOBILIARIA Y CONSTRUCTORA EL CERRO LIMITADA,2022,7020.0,0.0,0.0,7020.0,0.0,1,Construcción
INMOBILIARIA Y CONSTRUCTORA FRANCISCO DE RIVEROS SPA,2022,19.8,0.0,0.0,19.8,0.0,1,Otras actividades
INMOBILIARIA Y CONSTRUCTORA PEBAL S.A,2022,387.36,18.4968,0.0,405.8568,0.0,5,Construcción
INMOBILIARIA Y DESARROLLADORA EL REMANSO SPA.,2022,391.5,0.0,0.0,391.5,0.0,1,Otras actividades
INMOBILIARIA ZAMORA SPA,2022,1500.0,0.0,0.0,1500.0,0.0,1,Otras actividades
INMOBILIARIA ZANARTU SPA,2022,535.05,0.0,0.0,535.05,0.0,1,Construcción
INSTAPANEL S.A.,2022,0.0,46.23,922.529,968.759,95.22791530194816,3,Otras industrias manufactureras
INSTITUTO PROFESIONAL AIEP SPA,2022,12.742,0.0,0.0,12.742,0.0,3,Otras actividades
INTERMOB S A,2022,0.0,0.0,116.377,116.377,100.0,3,Otras industrias manufactureras
INVERSIONES BOSQUES DEL MAUCO S A,2022,0.0,12.03,4.58,16.61,27.573750752558702,4,Producción agropecuaria
INVERSIONES CORMI LIMITADA,2022,0.0,0.0,454.29,454.29,100.0,5,Gestores de residuos
INVERSIONES INGENIEROS QUINCE SPA,2022,46.98,0.0,0.0,46.98,0.0,1,Otras actividades
INVERSIONES INGENIEROS TRECE SPA,2022,767.34,0.0,0.0,767.34,0.0,1,Otras actividades
INVERSIONES TERRACORP S A,2022,1976.6399999999999,0.0,0.0,1976.6399999999999,0.0,4,Otras actividades
IRARRAZAVAL 4870 SPA,2022,787.76,0.0,0.0,787.76,0.0,1,Otras actividades
ISA INMOBILIARIA S.A.,2022,949.92,0.0,0.0,949.92,0.0,1,Otras actividades
KAL TIRE RECYCLING CHILE SPA,2022,0.99,0.0,0.0,0.99,0.0,1,Gestores de residuos
KOMATSU REMAN CENTER CHILE S.A.,2022,6.36,37.19026,0.0,43.55026,0.0,2,Otras industrias manufactureras
KRAH AMERICA LATINA S.A.,2022,0.0,0.0,23.99,23.99,100.0,1,"Industria química, de plástico y caucho"
KSB CHILE S A,2022,0.0,0.0,4.19,4.19,100.0,1,Comercio mayorista
LABORATORIO CHILE S A,2022,1.72,0.0,0.0,1.72,0.0,1,Otras industrias manufactureras
LABORATORIO DURANDIN SA,2022,90.0,0.0,0.0,90.0,0.0,1,"Industria química, de plástico y caucho"
LAGUNA CENTRO 1 SPA,2022,258.31,0.0,0.0,258.31,0.0,2,Construcción
LASCAR ENERGY SPA,2022,3.93,0.0,0.0,3.93,0.0,2,Otras centrales de generación eléctrica
LINDE HIGH LIFT CHILE S A,2022,6.1,0.0,0.0,6.1,0.0,1,Otras actividades
LINZOR DE VERANO SPA,2022,7.67,0.0,0.0,7.67,0.0,1,Otras centrales de generación eléctrica
MADESA SPA,2022,19.44,0.0,0.0,19.44,0.0,1,"Industria química, de plástico y caucho"
MANDINGA SOLAR SPA,2022,19.85,0.0,0.0,19.85,0.0,1,Otras centrales de generación eléctrica
MASTER DRILLING CHILE S.A,2022,2.34,0.0,0.0,2.34,0.0,1,Minería
MELON ARIDOS LIMITADA,2022,0.0,0.0,7.57,7.57,100.0,1,Minería
MELON S.A.,2022,1266.5,0.0,0.0,1266.5,0.0,1,"Producción de cemento, cal y yeso"
METROGAS S A,2022,0.0,0.0,23.62,23.62,100.0,3,Otras actividades
MIMET S. A.,2022,0.0,0.0,256.165,256.165,100.0,1,Otras industrias manufactureras
MINERA ESCONDIDA LIMITADA,2022,0.0,1276.0,3164.04,4440.04,71.26152016648498,3,Minería
MINERA LOS PELAMBRES,2022,192.24,0.0,0.0,192.24,0.0,1,Minería
MINERA SPENCE S.A.,2022,0.0,0.0,2405.62,2405.62,100.0,8,Minería
MINISTERIO DE OBRAS PUBLICAS DIREC CION GRAL DE OO PP DCYF,2022,52.2,0.0,0.0,52.2,0.0,1,Construcción
MOLYMETNOS S.A.,2022,3281.6,0.07,0.0,3281.67,0.0,4,Minería
MONSANTO CHILE  S.A.,2022,38.32,0.0,0.0,38.32,0.0,2,Producción agropecuaria
NALCO INDUSTRIAL SERVICES CHILE LIMITADA,2022,0.0,0.0,0.79,0.79,100.0,1,"Industria química, de plástico y caucho"
NESTLE CHILE SA,2022,415.4,6.312,0.0,421.712,0.0,6,Otras industrias manufactureras
NEXANS CHILE S.A,2022,0.0,0.0,4.23,4.23,100.0,1,Otras industrias manufactureras
NOLBERTO ORLANDO SUAREZ,2022,0.0,0.0,2059.955,2059.955,100.0,1,Gestores de residuos
NOVOFARMA SERVICE S A,2022,0.0,0.0,95.451,95.451,100.0,2,Otras actividades
NUEVA ESPERANZA SOLAR SPA,2022,3.5,0.0,0.0,3.5,0.0,2,Otras centrales de generación eléctrica
NUNOA CAPITAL SPA,2022,3281.64,0.0,1441.59,4723.23,30.52127463621293,3,Otras actividades
OBRASCON HUARTE LAIN S A AGENCIA EN CHILE,2022,1406.0,0.0,0.0,1406.0,0.0,1,Construcción
OPERACIONES INTEGRALES COQUIMBO LIMITADA,2022,0.0,0.0,14.1,14.1,100.0,1,Otras actividades
OXIQUIM S A,2022,0.0,0.0,32.31,32.31,100.0,1,"Industria química, de plástico y caucho"
PAPELES CORDILLERA SPA,2022,12.0,125.04,0.0,137.04000000000002,0.0,3,Industria del papel y celulosa
PETROFLEX S.A.,2022,0.0,0.715,0.0,0.715,0.0,1,"Industria química, de plástico y caucho"
PLACILLA SPA,2022,935.25,0.0,0.0,935.25,0.0,1,Otras actividades
PLASTIGROT LTDA,2022,0.0,0.0,1.6796,1.6796,100.0,2,"Industria química, de plástico y caucho"
PLASVI SPA,2022,0.0,0.0,14.51,14.51,100.0,1,Otras industrias manufactureras
PLAZA EGANA SPA,2022,1068.58,0.0,1207.0,2275.58,53.04142240659524,6,Construcción
POLYDECK CHILE LIMITADA,2022,0.0,0.0,1.53,1.53,100.0,1,Otras industrias manufactureras
PREFABRICADOS DE HORMIGON GRAU S A,2022,6192.45,0.0,0.0,6192.45,0.0,2,Otras industrias manufactureras
PROVEEDORES INTEGRALES PRISA S A,2022,47.45,0.0,0.0,47.45,0.0,2,Comercio mayorista
PSF PAINE SPA,2022,8.51,0.0,0.0,8.51,0.0,1,Otras centrales de generación eléctrica
PSF PUANGUE SPA,2022,22.76,0.0,0.0,22.76,0.0,1,Otras centrales de generación eléctrica
QUIMETAL INDUSTRIAL S A,2022,0.0,210.93426,38.31,249.24426,15.37046429875657,5,"Industria química, de plástico y caucho"
READY MIX HORMIGONES LIMITADA,2022,19562.0,0.0,0.0,19562.0,0.0,5,Otras industrias manufactureras
RECYCLING S.A.,2022,25.18,0.0,0.0,25.18,0.0,2,Gestores de residuos
REFINERIA DE GRASAS Y ACEITES COMESTIBLES VIACAVA SPA.,2022,0.0,4.0,3.3200000000000003,7.32,45.3551912568306,3,Otras industrias manufactureras
RENTCO SPA,2022,10.4,0.0,0.0,10.4,0.0,1,Otras actividades
RINOL HORMIPUL CHILE S.A.,2022,3.9799999999999995,0.0,0.0,3.9799999999999995,0.0,2,Otras industrias manufactureras
ROTORY PVC SPA,2022,0.0,0.0,1.114,1.114,100.0,1,Otras industrias manufactureras
RUTA DEL MAIPO SOCIEDAD CONCESIONARIA S.A.,2022,3923.21,2131.58,9.47,6064.26,0.1561608506231593,4,Construcción
SACYR CHILE S A,2022,3762.748,0.0,31.779999999999998,3794.5280000000002,0.837521820895774,11,Construcción
SACYR OPERACION Y SERVICIOS S.A.,2022,24.8,0.0,0.0,24.8,0.0,3,Construcción
SAINT-GOBAIN WEBER CHILE S.A,2022,196.059,0.0,0.0,196.059,0.0,2,"Industria química, de plástico y caucho"
SALADO ENERGY SPA,2022,5.22,0.0,0.0,5.22,0.0,2,Otras centrales de generación eléctrica
SANTIAGO SUR 1 SPA.,2022,6497.73,0.0,0.0,6497.73,0.0,12,Otras actividades
SCM MINERA LUMINA COPPER CHILE,2022,0.0,0.0,9735.9,9735.9,100.0,4,Minería
SERVICIO DE SALUD OCCIDENTE HOSPITAL SAN JUAN DE DIOS,2022,982.152,0.0,0.0,982.152,0.0,1,Otras actividades
SERVICIO SALUD METROPOLITANO OCCIDENTE,2022,1626.67,0.0,0.0,1626.67,0.0,3,Otras actividades
SERVICIOS AEROPORTUARIOS AEROSAN SA,2022,5.22,0.0,0.0,5.22,0.0,1,Otras actividades
SICE AGENCIA CHILE S.A.,2022,7.98,0.0,0.0,7.98,0.0,5,Otras actividades
SIKA S A CHILE,2022,2724.213,0.0,0.0,2724.213,0.0,7,"Industria química, de plástico y caucho"
SIMONETTI INMOBILIARIA S.A.,2022,4963.25,0.0,6150.0,11113.25,55.339347175668685,8,Construcción
SINERGIA INMOBILIARIA S.A.,2022,17353.02,0.0,0.0,17353.02,0.0,17,Construcción
SISTEMA DE TRANSMISION DEL SUR S.A.,2022,0.0,0.0,284.092,284.092,100.0,3,Otras actividades
SKC S.A,2022,0.0,0.0,46.09,46.09,100.0,2,Ventas y mantención de vehículos automotores
SOC COMERCIAL DEGRAF SPA,2022,0.0,46.584,39.183,85.767,45.68540347686173,2,Otras actividades
SOC CONCESIONARIA AUTOPISTA CENTRAL S A,2022,0.0,3002.4,0.0,3002.4,0.0,1,Otras actividades
SOC CONCESIONARIA AUTOPISTA DE LOS ANDES S A,2022,0.0,3730.62,0.0,3730.62,0.0,1,Otras actividades
SOC CONCESIONARIA AUTOPISTA DEL SOL S.A.,2022,128.32,0.0,0.0,128.32,0.0,2,Otras actividades
SOC CONCESIONARIA AUTOPISTA LOS LIBERTADORES S A,2022,0.0,10253.76,0.0,10253.76,0.0,2,Otras actividades
SOC CONTRACTUAL MINERA CAROLA,2022,0.0,0.0,1.6,1.6,100.0,1,Minería
SOC DE CONSTRUCTORES TENSACON S A,2022,0.0,0.0,177.82,177.82,100.0,1,Construcción
SOC DE SERVICIOS TECNICOS GEOLOGI COS GEOTEC BOYLES BROS S A,2022,0.0,0.0,88.50800000000001,88.50800000000001,100.0,2,Minería
SOC INDUSTRIAL ROMERAL S A,2022,8167.99,0.0,0.0,8167.99,0.0,2,Otras industrias manufactureras
SOC MINERA ROSARIO LTDA,2022,0.0,22.02,14.850000000000001,36.870000000000005,40.276647681041496,4,Minería
SOC PETREOS S A,2022,52026.641,0.0,0.0,52026.641,0.0,5,Otras industrias manufactureras
SOC PUNTA DEL COBRE S A,2022,19.299999999999997,0.0,0.0,19.299999999999997,0.0,2,Minería
SOCIEDAD CONCESIONARIA AMB S.A.,2022,610.0,0.0,0.0,610.0,0.0,1,Otras actividades
SOCIEDAD CONCESIONARIA AUTOPISTA SAN ANTONIO-SANTIAGO S.A.,2022,53.25,0.0,4.72,57.97,8.142142487493532,3,Construcción
SOCIEDAD CONCESIONARIA RUTA DE LA FRUTA S.A.,2022,17.85,0.0,0.0,17.85,0.0,1,Construcción
SOCIEDAD CONCESIONARIA TUNEL EL MELON II S.A,2022,137.367,0.0,0.0,137.367,0.0,1,Construcción
SOCIEDAD CONCESIONARIA VESPUCIO ORIENTE S.A.,2022,1739.324,0.0,0.0,1739.324,0.0,1,Otras actividades
SOCIEDAD INDUSTRIAL PIZARRENO S.A.,2022,4822.5,0.0,0.0,4822.5,0.0,4,Otras industrias manufactureras
SOCIEDAD LEM LABORATORIOS & ASISTENCIA TECNICA LIMITADA,2022,111.0,0.0,0.0,111.0,0.0,4,Otras actividades
SOCOVESA INMOBILIARIA Y CONSTRUCCIONES S.A,2022,2725.5,0.0,0.0,2725.5,0.0,2,Construcción
SOFTYS CHILE SPA,2022,699.9699999999999,235.44,187.06,1122.4699999999998,16.665033363920642,7,Industria del papel y celulosa
SOPROCAL CALERIAS E INDUSTRIAS S A,2022,0.0,0.0,7.02,7.02,100.0,1,"Producción de cemento, cal y yeso"
SYNTHON CHILE LIMITADA,2022,1.45,0.0,0.0,1.45,0.0,1,Otras industrias manufactureras
TECNO FAST S.A.,2022,1048.92,0.0,0.0,1048.92,0.0,5,Construcción
TECNOVIAL S A,2022,0.0,0.0,480.614,480.614,100.0,1,Otras industrias manufactureras
TELEFONICA CHILE S.A.,2022,0.659,0.37,0.0,1.029,0.0,2,Otras actividades
TERCERA REGION SOLAR SPA,2022,0.0,0.0,62.0,62.0,100.0,1,Otras centrales de generación eléctrica
TERRITORIA APOQUINDO S.A,2022,8999.891,0.0,0.0,8999.891,0.0,2,Otras actividades
TRANSELEC S A,2022,2.4299999999999997,0.0,0.0,2.4299999999999997,0.0,2,Otras actividades
TRANSLOGIC SOCIEDAD ANONIMA,2022,2.69,0.0,0.0,2.69,0.0,1,Otras actividades
TRANSPORTES ANDINA REFRESCOS LTDA,2022,2.35,0.0,0.0,2.35,0.0,1,Otras actividades
TRANSPORTES COMETA S A,2022,0.0,0.0,12.16,12.16,100.0,2,Otras actividades
UNIVERSIDAD DE CHILE,2022,1838.24,0.0,0.0,1838.24,0.0,7,Otras actividades
UNIVERSIDAD TECNOLOGICA DE CHILE INACAP,2022,0.0,0.032,0.827,0.859,96.27473806752037,3,Otras actividades
V S L SISTEMAS ESPECIALES DE CONSTRUCCION S A,2022,18.7,0.0,0.0,18.7,0.0,1,Construcción
VICENTE VALDES SPA,2022,555.0,0.0,0.0,555.0,0.0,1,Construcción
VICUÑA CAPITAL SPA,2022,1151.01,0.0,1117.58,2268.59,49.26319872696256,4,Otras actividades
VIDRIOS DELL ORTO S.A.,2022,0.0,0.0,1315.8100000000002,1315.8100000000002,100.0,3,Otras industrias manufactureras
VILLABLANCA INDUSTRIAL SOCIEDAD ANONIMA,2022,0.0,8.64,30.59,39.230000000000004,77.97603874585775,2,Otras industrias manufactureras
VITAL AGUAS S.A.,2022,0.0,22.93,2.62,25.55,10.25440313111546,3,Otras industrias manufactureras
VITIVINICOLA PEREZ CRUZ LIMITADA,2022,34.8,0.0,0.0,34.8,0.0,1,Otras industrias manufactureras
VIVIENDAS ARAUCARIAS SPA,2022,4975.49,0.0,0.0,4975.49,0.0,5,Construcción
VIVIENDAS ECONOMICAS CINCO DE ABRIL S.A.,2022,170.0,0.0,0.0,170.0,0.0,1,Construcción
VIVIENDAS ECONOMICAS SAN LUIS S.A.,2022,1273.03,0.0,0.0,1273.03,0.0,5,Construcción
VIVO SPA,2022,1.6749999999999998,0.0,0.0,1.6749999999999998,0.0,2,Otras actividades
VJ S.A.,2022,0.0,0.91,3.91,4.82,81.12033195020747,3,Otras industrias manufactureras
WATT'S  S.A.,2022,10.07,2.742,2.77,15.582,17.776922089590553,4,Otras industrias manufactureras
WATT'S S.A,2022,0.0,0.0,63.4292,63.4292,100.0,6,Otras industrias manufactureras
WORLEY INGENIERIA Y CONSTRUCCION CHILE S.A.,2022,222.66,0.0,0.0,222.66,0.0,3,Otras actividades
WURTH CHILE LIMITADA,2022,895.0,0.0,0.0,895.0,0.0,1,Otras industrias manufactureras
ACEROS AZA S.A.,2023,4150.954,0.0,19.276,4170.23,0.46222870201403765,4,Otras industrias manufactureras
ACERTECH LIMITADA,2023,0.0,0.0,9.26,9.26,100.0,1,Otras industrias manufactureras
ACUEDUCTO SAN ISIDRO QUILAPILUN SPA,2023,206.32,0.0,0.0,206.32,0.0,3,"Captación, tratamiento y distribución de agua"
ADMINISTRADORA DEL PRADO Y LA FORESTA SPA,2023,394.8,0.0,0.0,394.8,0.0,3,Otras actividades
AES ANDES S A,2023,169.115,0.0,97.084,266.199,36.470460069346615,7,Otras centrales de generación eléctrica
AGRICOLA COEXCA S.A.,2023,65.42,0.0,0.0,65.42,0.0,1,Producción agropecuaria
AGRICOLA SAN JOSE DE PERALILLO S A,2023,0.0,4.94,0.0,4.94,0.0,1,Otras industrias manufactureras
AGUAS PACIFICO SPA,2023,18.98,0.0,0.0,18.98,0.0,1,"Captación, tratamiento y distribución de agua"
AGUILAR Y COMPANIA LIMITADA,2023,0.0,0.0,8.45,8.45,100.0,1,Otras industrias manufactureras
AISLANTES VOLCAN S A,2023,1.96,17.92,4.00141,23.881410000000002,16.75533396059948,5,Otras industrias manufactureras
ALD LOGISTICA LIMITADA,2023,0.0,4.9,0.0,4.9,0.0,1,Otras actividades
ALMAGRO S A,2023,360.0,0.0,0.0,360.0,0.0,1,Construcción
ALTO LAS PERDICES SPA,2023,466.0,0.0,0.0,466.0,0.0,2,Otras actividades
ALTO MAIPO SPA,2023,8660.0,0.0,120.94999999999999,8780.95,1.3774136055893722,10,Otras centrales de generación eléctrica
ALUMA SYSTEMS SERVICIOS CHILE LIMITADA,2023,66.33,0.0,127.663,193.993,65.80804462016671,4,Otras actividades
AMBIPAR SERVICIOS DE VALORIZACION LIMITADA,2023,192.54,0.0,0.0,192.54,0.0,2,Gestores de residuos
AMERIS UPC DEPARTAMENTAL TRES SPA,2023,1401.57,0.0,0.0,1401.57,0.0,1,Construcción
ANDALUZA DE MONTAJES ELECTRICOS Y TELEFONICOS SOCIEDAD ANONIMA AGENCIA,2023,4.15,0.0,0.0,4.15,0.0,1,Construcción
ANDES SOLAR SPA,2023,0.0,0.0,70.189,70.189,100.0,1,Otras centrales de generación eléctrica
ANDINA SOLAR 6 SPA,2023,0.05,0.0,0.0,0.05,0.0,1,Otras centrales de generación eléctrica
ANGLO AMERICAN SUR S.A.,2023,3597.45,156.01,223.17000000000002,3976.63,5.612038333966198,7,Minería
ASOC DE PROPIETARIOS DE LA PARCELACION LA AURORA DE CURACAVI,2023,51.248,19.21,0.0,70.458,0.0,3,Otras actividades
ATCO SABINCO S.A,2023,482.2,0.0,50.029,532.229,9.399901170360879,3,Construcción
AVSA ALTO NUNOA SPA,2023,896.97,0.0,0.0,896.97,0.0,2,Otras actividades
AVSA LOS ALERCES SPA,2023,1096.2,0.0,0.0,1096.2,0.0,3,Otras actividades
AVSA NELSON SPA,2023,407.15999999999997,0.0,0.0,407.15999999999997,0.0,2,Otras actividades
AVSA NUEVA ZANARTU SPA,2023,330.6,0.0,0.0,330.6,0.0,2,Otras actividades
AVSA PDV SPA,2023,2134.11,0.0,0.0,2134.11,0.0,3,Otras actividades
BAKELS CHILE S A,2023,2.07,0.0,0.0,2.07,0.0,2,Otras industrias manufactureras
BANCO CENTRAL DE CHILE,2023,49.355,0.0,0.0,49.355,0.0,3,Otras actividades
BASF CHILE S A,2023,7.7700000000000005,0.0,0.0,7.7700000000000005,0.0,2,"Industria química, de plástico y caucho"
BESALCO - ARRIGONI LIMITADA,2023,17.45,0.0,0.0,17.45,0.0,1,Construcción
BIO BIO CEMENTOS S.A.,2023,0.0,0.0,76.565,76.565,100.0,1,"Producción de cemento, cal y yeso"
BOULEVARD MACUL SPA,2023,932.05,17.07,64.89,1014.01,6.399345174110708,9,Otras actividades
BRENNTAG CHILE COMERCIAL E INDUSTRIAL LIMITADA,2023,1.26,0.0,0.0,1.26,0.0,1,Otras actividades
BRITISH AMERICAN TOBACCO CHILE OPERACIONES S.A.,2023,0.0,0.0,5.2,5.2,100.0,1,Otras industrias manufactureras
CAPURATA DEL VERANO SPA,2023,2.94,0.0,0.0,2.94,0.0,1,Otras centrales de generación eléctrica
CARLOS RODRIGO MOLL SILVA,2023,96.57,0.0,0.0,96.57,0.0,1,Construcción
CARRERA CAPITAL SPA,2023,1773.06,0.0,0.0,1773.06,0.0,2,Otras actividades
CEMENTO POLPAICO S A,2023,2282.83,44.97,163.851,2491.651,6.576001213653117,9,"Producción de cemento, cal y yeso"
CEMENTOS BICENTENARIO S.A,2023,72.38,13.51,0.0,85.89,0.0,3,"Producción de cemento, cal y yeso"
CENCOSUD RETAIL S.A.,2023,6.63,0.0,0.0,6.63,0.0,3,Comercio minorista
CENTRAL DE RESTAURANTES ARAMARK LIMITADA,2023,0.0,0.0,1.84,1.84,100.0,1,Otras actividades
CERRILLOS I SPA,2023,1031.74,0.0,0.0,1031.74,0.0,2,Construcción
CERRILLOS II SPA,2023,55.68,0.0,0.0,55.68,0.0,1,Construcción
CERRILLOS SPA,2023,1778.04,0.0,0.0,1778.04,0.0,4,Construcción
CERVECERA CCU CHILE LIMITADA,2023,203.519,0.0,278.18,481.699,57.749756590734044,3,Otras industrias manufactureras
CGE DISTRIBUCION S A,2023,181.707,0.8230000000000001,0.0,182.53,0.0,8,Otras actividades
CHEQUEN SOLAR SPA,2023,50.660000000000004,0.0,1.253,51.913000000000004,2.41365361277522,4,Otras centrales de generación eléctrica
CHILENA DE MOLDEADOS SPA,2023,61.019999999999996,0.0,0.0,61.019999999999996,0.0,2,Industria del papel y celulosa
CHILEXPRESS S.A.,2023,0.0,0.0,11.18616,11.18616,100.0,1,Otras actividades
CIA INDUSTRIAL EL VOLCAN S A,2023,23329.56051,0.0,2.17,23331.730509999998,0.009300638883472172,13,"Producción de cemento, cal y yeso"
CIA MINERA CERRO NEGRO S A,2023,0.0,0.0,16.23,16.23,100.0,1,Minería
CIA MINERA DEL PACIFICO S.A.,2023,373.801,127.79,403.58,905.171,44.586050591545686,7,Minería
CIA MINERA DONA INES DE COLLAHUASI SCM,2023,0.0,1915.602,0.0,1915.602,0.0,1,Minería
CIA MINERA SAN GERONIMO,2023,0.0,0.0,1.302,1.302,100.0,1,Minería
CIA PAPELERA DEL PACIFICO S A,2023,0.0,0.0,4.5,4.5,100.0,1,Industria del papel y celulosa
CINTAC S.A.I.C.,2023,9.29,0.0,1484.75,1494.04,99.37819603223474,3,Otras industrias manufactureras
CLARIANT (CHILE) LIMITADA,2023,198.0,0.0,0.0,198.0,0.0,1,"Industria química, de plástico y caucho"
CLINICA BUPA SANTIAGO S.A.,2023,0.0,62.980000000000004,0.0,62.980000000000004,0.0,2,Otras actividades
COBRA CHILE SERVICIOS S.A.,2023,1059.14,0.0,0.0,1059.14,0.0,7,Otras actividades
"COBRA MONTAJES, SERVICIOS Y AGUA LIMITADA",2023,70.0,0.0,0.0,70.0,0.0,1,Construcción
COIPUE SPA,2023,1416.8,0.0,0.0,1416.8,0.0,3,Construcción
COLADA CONTINUA CHILENA SA,2023,3.11,0.0,51.07,54.18,94.25987449243264,2,Otras industrias manufactureras
COLBUN S A,2023,0.0,12.9,0.0,12.9,0.0,1,Termoeléctricas
COMERCIAL FLOSAM SPA,2023,6.7,0.0,0.0,6.7,0.0,1,Construcción
COMERCIAL GRUPOREVEX SPA,2023,37.11,0.0,0.0,37.11,0.0,1,Otras industrias manufactureras
COMERCIAL K LIMITADA,2023,1649.6999999999998,0.0,0.0,1649.6999999999998,0.0,2,Construcción
COMERCIALIZADORA DE RESIDUOS CORASA LIMITADA,2023,0.0,0.0,8.55,8.55,100.0,2,Gestores de residuos
COMERCIALIZADORA VACOR LIMITADA,2023,0.0,0.0,10.8155,10.8155,100.0,3,Gestores de residuos
COMERCIALIZADORA Y DISTRIBUIDORA HOHE S.A.,2023,16.5,0.0,0.0,16.5,0.0,3,Otras actividades
COMPANIA EL CARMEN DE CHICUREO S.A,2023,2847.51,0.0,0.0,2847.51,0.0,1,Otras actividades
COMPANIA GENERAL DE ELECTRICIDAD S.A.,2023,1686.197,7.381,7.038,1700.616,0.41385004022072003,36,Otras actividades
COMPANIA MINERA NEVADA SPA,2023,0.0,0.0,23.33,23.33,100.0,1,Minería
CONSORCIO DE SALUD SANTIAGO ORIENTE S.A. SOCIEDAD CONCESIONARIA,2023,31688.83,0.0,0.0,31688.83,0.0,3,Construcción
CONSORCIO ICAFAL - L Y D S.A..,2023,7659.48,0.0,0.0,7659.48,0.0,2,Construcción
CONSORCIO ICAFAL - L Y D SPA,2023,461.97,0.0,0.0,461.97,0.0,1,Construcción
CONSORCIO INMOBILIARIO MBI LIMITADA,2023,520.0,0.0,0.0,520.0,0.0,1,Otras actividades
CONSORCIO MOLLER DVC SPA,2023,741.84,0.0,0.0,741.84,0.0,4,Construcción
CONSORCIO NADIC S.A.,2023,743.51,0.0,0.0,743.51,0.0,1,Construcción
CONSTR ANDRES BASCUNAN ESPINEIRA Y CIA  LTDA,2023,332.01,0.0,0.0,332.01,0.0,1,Construcción
CONSTRUCTORA ALFREDO JARA Y COMPANIA S.A.,2023,910.0,0.0,0.0,910.0,0.0,4,Construcción
CONSTRUCTORA ALMAGRO S A,2023,10181.978,0.0,0.0,10181.978,0.0,10,Construcción
CONSTRUCTORA ASFAL SPA,2023,735.03,0.0,0.0,735.03,0.0,2,Construcción
CONSTRUCTORA CALAN SPA,2023,1691.19,0.0,0.0,1691.19,0.0,5,Construcción
CONSTRUCTORA CARRAN S A,2023,156.11,0.0,0.0,156.11,0.0,3,Construcción
CONSTRUCTORA CONCRETA SPA,2023,6850.0,0.0,12330.0,19180.0,64.28571428571429,8,Construcción
CONSTRUCTORA COSTA SUR LIMITADA,2023,92.44,0.0,0.0,92.44,0.0,1,Construcción
CONSTRUCTORA DE PAVIMENTOS ASFALTICOS BITUMIX S.A,2023,6988.8,1763.44,0.0,8752.24,0.0,5,Otras industrias manufactureras
CONSTRUCTORA E INMOBILIARIA BERSA CERRO COLORADO S.A.,2023,1820.04,0.0,0.0,1820.04,0.0,1,Otras actividades
CONSTRUCTORA E INMOBILIARIA LA DEHESA S.A.,2023,326.25,0.0,0.0,326.25,0.0,1,Construcción
CONSTRUCTORA E INMOBILIARIA PRESIDENTE RIESCO S.A.,2023,3247.71,0.0,135.0,3382.71,3.9908830493893945,3,Otras actividades
CONSTRUCTORA ECHEVERRIA IZQUIERDO SPA,2023,5712.264,0.0,0.0,5712.264,0.0,6,Construcción
CONSTRUCTORA ECOMAC S A,2023,0.625,0.0,0.0,0.625,0.0,1,Construcción
CONSTRUCTORA L Y D S A,2023,4355.450000000001,0.0,0.0,4355.450000000001,0.0,14,Construcción
CONSTRUCTORA NOVAL LIMITADA,2023,4813.1,0.0,0.0,4813.1,0.0,5,Construcción
CONSTRUCTORA NOVATEC S.A.,2023,247.95000000000002,0.0,0.0,247.95000000000002,0.0,2,Construcción
CONSTRUCTORA PACAL S A,2023,784.59,0.0,0.0,784.59,0.0,2,Construcción
CONSTRUCTORA PAZ SPA,2023,2027.97,0.0,0.0,2027.97,0.0,1,Construcción
CONSTRUCTORA SOCOVESA SANTIAGO S.A.,2023,4.46,0.0,0.0,4.46,0.0,1,Construcción
CONSTRUMART S.A.,2023,256.25,0.0,0.0,256.25,0.0,12,Comercio minorista
CONTENEDORES PATAGONIA SPA,2023,8.42,4.34,16.799999999999997,29.559999999999995,56.833558863328825,4,Otras actividades
COOP AGRICOLA Y LECHERA DE LA UNION LTDA,2023,497.64,0.03,0.84,498.50999999999993,0.1685021363663718,4,Otras industrias manufactureras
CORP NACIONAL DEL COBRE DE CHILE,2023,13.28,3025.55,3074.8309999999997,6113.661,50.294430783780776,8,Minería
CORP TECNICA DE FLUIDOS S A,2023,0.0,2.101,9.02,11.120999999999999,81.10781404549951,5,Comercio mayorista
CRILLON S.A.,2023,159.0,0.0,0.0,159.0,0.0,1,Construcción
CRISTALERIAS DE CHILE S A,2023,213.05581,34.91,0.0,247.96581,0.0,4,Otras industrias manufactureras
CRISTALERIAS TORO SPA,2023,42.33,1.1,207.52,250.95000000000002,82.6937636979478,8,Gestores de residuos
CRUZADOS SADP,2023,1387.97,0.0,58.94,1446.91,4.073508373015598,4,Comercio minorista
DALCO INGENIERIA LIMITADA,2023,28.71,0.0,0.0,28.71,0.0,1,Construcción
DELABASE CARVAJAL SPA,2023,45.0,0.0,0.0,45.0,0.0,1,Construcción
DELABASE GOYCOLEA SPA,2023,1260.153,0.0,0.0,1260.153,0.0,1,Construcción
DELABASE LAZCANO SPA,2023,345.018,0.0,0.0,345.018,0.0,1,Construcción
DELGADO S.A.,2023,230.0,0.0,0.0,230.0,0.0,1,Otras industrias manufactureras
DEMO CONSTRUCCIONES  S. A.,2023,14682.42,0.0,0.0,14682.42,0.0,10,Construcción
DESARROLLO INMOBILIARIO EJERCITO LIBERTADOR SPA,2023,2349.87,0.0,0.0,2349.87,0.0,1,Construcción
DIAZ CUMSILLE INGENIERIA Y CONSTRUCCION S.A.,2023,2142.0,0.0,0.0,2142.0,0.0,3,Construcción
DICTUC S.A.,2023,81.0,0.0,0.0,81.0,0.0,2,Otras actividades
DIFOR CHILE SOCIEDAD ANONIMA,2023,0.0,0.0,0.08,0.08,100.0,1,Ventas y mantención de vehículos automotores
DIGITAL HOLDINGS CHILE SPA,2023,90.47999999999999,0.0,0.0,90.47999999999999,0.0,2,Otras actividades
DISTRIBUIDORA CUMMINS CHILE S A,2023,0.0,229.64,0.0,229.64,0.0,1,Comercio mayorista
DOMEYKO SPA,2023,3964.59,0.0,0.0,3964.59,0.0,1,Construcción
DOMINION SPA,2023,43.98,0.0,0.0,43.98,0.0,2,Otras actividades
DRACO SOLAR SPA,2023,0.0,0.3,0.0,0.3,0.0,1,Otras centrales de generación eléctrica
DSPUENTEALTO SPA,2023,3598.755,0.0,0.0,3598.755,0.0,2,Construcción
EATON INDUSTRIES (CHILE) SPA,2023,12.1,0.0,0.0,12.1,0.0,1,Otras industrias manufactureras
EBCO S A,2023,15.68,0.0,0.0,15.68,0.0,1,Construcción
EBCO S.A.,2023,27219.766,45.225,14.309999999999999,27279.301,0.05245735585380285,44,Construcción
ECOAZA SPA,2023,397.26,0.0,2673.06,3070.3199999999997,87.06128351442196,2,Gestores de residuos
ECOMET S A,2023,0.025075,0.0,0.0,0.025075,0.0,1,Otras industrias manufactureras
ELABORADORA DE ALIMENTOS FRUTALE LIMITADA,2023,0.0,0.0,21.56,21.56,100.0,1,Otras industrias manufactureras
ELECTROLUX DE CHILE S.A.,2023,300.61,0.0,0.0,300.61,0.0,1,Otras industrias manufactureras
EMBALAJES INDUSTRIALES ARAYA LIMITADA,2023,0.0,0.0,14.52,14.52,100.0,1,Industria de la madera y silvicultura
EMBOTELLADORA ANDINA CHILE S.A.,2023,4.486,0.0,0.0,4.486,0.0,1,Otras actividades
EMBOTELLADORA ANDINA S A,2023,2216.3239999999996,0.0,0.0,2216.3239999999996,0.0,3,Otras industrias manufactureras
EMBOTELLADORA METROPOLITANA S.A.,2023,13.372,1.489,32.533,47.394000000000005,68.64371017428365,11,Otras industrias manufactureras
EMBOTELLADORAS CHILENAS UNIDAS S.A,2023,883.865,0.308,46.439,930.612,4.990157014953601,7,Otras industrias manufactureras
EMPRESA CONSTRUCTORA GUZMAN Y LARRAIN SPA,2023,0.0,0.0,0.461,0.461,100.0,1,Construcción
EMPRESA DE AGUA POTABLE IZARRA DE LO AGUIRRE S A,2023,9.77,0.0,0.0,9.77,0.0,1,"Captación, tratamiento y distribución de agua"
EMPRESA DE BUSES HUALPEN LTDA,2023,56.0,0.0,0.0,56.0,0.0,1,Otras actividades
EMPRESA DE LOS FERROCARRILES DEL ESTADO,2023,4252.52,0.0,0.0,4252.52,0.0,16,Otras actividades
EMPRESA DE TRANSPORTE DE PASAJEROS METRO S A,2023,46940.5148,0.0,30.229999999999997,46970.7448,0.06435920939452507,56,Otras actividades
EMPRESA DISTRIBUIDORA DE PAPELES Y CARTONES SPA,2023,0.93,0.0,0.0,0.93,0.0,1,Comercio mayorista
EMPRESA ELECTRICA CAMPICHE SPA,2023,12.1375,0.0,15.375,27.5125,55.8836892321672,2,Termoeléctricas
EMPRESA ELECTRICA PEHUENCHE S A,2023,0.0,0.0,39.5,39.5,100.0,1,Otras centrales de generación eléctrica
EMPRESA ELECTRICA PUENTE ALTO S.A.,2023,107.88000000000001,0.0,0.0,107.88000000000001,0.0,2,Otras actividades
EMPRESA ELECTRICA VENTANAS SPA,2023,12.1375,0.0,15.375,27.5125,55.8836892321672,2,Termoeléctricas
EMPRESAS GASCO S.A.,2023,333.033,0.0,0.0,333.033,0.0,2,Otras actividades
ENAP REFINERIAS S A,2023,480.1,0.0,941.64,1421.74,66.23151912445313,3,Refinería de petróleo
ENEL DISTRIBUCION CHILE S.A.,2023,34596.649000000005,0.0,409.406,35006.05500000001,1.169529100037122,24,Otras actividades
ENEL GENERACION CHILE S.A.,2023,6.49,0.0,37.39,43.88,85.20966271649955,6,Termoeléctricas
ENEL GREEN POWER CHILE SA,2023,242.463,0.0,42.98,285.443,15.057296903409787,7,Otras centrales de generación eléctrica
ENERGIA CERRO EL MORADO SPA,2023,0.32,0.0,0.0,0.32,0.0,1,Otras centrales de generación eléctrica
ENVASES CENTRAL S A,2023,0.0,461.586,0.04,461.62600000000003,0.00866502320059962,3,Otras industrias manufactureras
ENVASES CMF SOCIEDAD ANONIMA,2023,2.42,16.07,0.0,18.490000000000002,0.0,2,"Industria química, de plástico y caucho"
ENVASES IMPRESOS CORDILLERA SPA,2023,10.83,0.0,0.0,10.83,0.0,2,Industria del papel y celulosa
ENVASES Y LITOGRAFIA AGUILA S.A.,2023,0.0,0.0,47.21277,47.21277,100.0,1,Otras industrias manufactureras
EUROCORP DOS S.A.,2023,2586.9900000000002,0.0,0.0,2586.9900000000002,0.0,6,Construcción
EWOS CHILE ALIMENTOS LIMITADA,2023,19.27,0.0,0.0,19.27,0.0,1,Otras industrias manufactureras
EXEQUIEL FERNANDEZ SPA,2023,2827.49,0.0,0.0,2827.49,0.0,2,Construcción
FABRICACION VISTALIBRE LIMITADA,2023,6.67,0.0,74.43299999999999,81.103,91.7758899177589,4,Otras industrias manufactureras
FABRICACIONES METALICAS CONTAINERLAND LIMITADA,2023,162.73,0.0,0.0,162.73,0.0,1,Otras industrias manufactureras
FALABELLA INMOBILIARIO S.A,2023,17.439999999999998,0.0,0.0,17.439999999999998,0.0,2,Otras actividades
FCA PAVIMENTOS Y REVESTIMIENTOS BUDNIK HNOS S A,2023,209.98,0.0,0.0,209.98,0.0,1,Otras industrias manufactureras
FERROCARRIL DE ANTOFAGASTA A BOLIVIA,2023,52.485,0.0,0.0,52.485,0.0,2,Otras actividades
FIBRA INGENIERIA Y CONSTRUCCION SPA,2023,0.0,0.0,11.47,11.47,100.0,1,"Industria química, de plástico y caucho"
FIBROCEMENTOS VOLCAN LIMITADA,2023,793.66295,0.0,4.46,798.1229500000001,0.5588111455760042,7,Otras industrias manufactureras
FLESAN ANCLAJES S.A.,2023,0.0,0.0,0.289,0.289,100.0,1,Construcción
FLSMIDTH S.A.,2023,0.0,0.0,32.11,32.11,100.0,4,Otras actividades
FOTOVOLTAICA BOLDO SPA,2023,6.85,0.0,0.0,6.85,0.0,1,Otras centrales de generación eléctrica
FOTOVOLTAICA PEUMO SPA,2023,0.28,0.0,0.0,0.28,0.0,1,Otras centrales de generación eléctrica
FRANKLIN SPA,2023,1368.0,0.0,0.0,1368.0,0.0,1,Construcción
FREYSSINET CHILE SPA,2023,37.41,0.0,0.0,37.41,0.0,2,Construcción
FROILAN ROA SPA,2023,314.07,0.0,0.0,314.07,0.0,1,Construcción
FUCHS GELLONA Y SILVA SPA,2023,5884.39,0.0,26.1,5910.490000000001,0.44158775329964184,19,Construcción
FUND INSTITUTO PROFESIONAL DUOC UC,2023,214.92000000000002,0.8,0.0,215.72000000000003,0.0,5,Otras actividades
FUNDACION INVICA,2023,1389.0,0.0,0.0,1389.0,0.0,2,Otras actividades
GASCO GLP S A,2023,0.0,258.33000000000004,927.1469999999999,1185.4769999999999,78.20877165900309,8,Otras actividades
GENERADORA METROPOLITANA SPA,2023,53.0,0.0,0.0,53.0,0.0,5,Termoeléctricas
GESPANIA CONSTRUCTORA S.A.,2023,1394.85,18.663999999999998,0.259,1413.773,0.01831977269335318,8,Construcción
GESTION INTEGRAL DE RESIDUOS GEOBARRA EXINS S.A.,2023,3508.44,20.83,671.428,4200.698,15.983724609576788,9,Gestores de residuos
GESTION VIAL S A,2023,4193.26,0.0,0.0,4193.26,0.0,9,Construcción
GNL QUINTERO SA,2023,37.270799999999994,0.0,0.0,37.270799999999994,0.0,3,Otras actividades
GOODYEAR DE CHILE S A I C,2023,0.0,113.124,202.8,315.924,64.19265392942607,5,"Industria química, de plástico y caucho"
GS EXPORTACIONES SOCIEDAD ANONIMA,2023,63.84,0.0,0.0,63.84,0.0,1,Gestores de residuos
GUALLATIRI SPA,2023,7.390000000000001,0.0,0.0,7.390000000000001,0.0,2,Otras centrales de generación eléctrica
GUZMAN Y LARRAIN VIVIENDAS ECONOMICAS SPA,2023,2243.34,0.0,39.181000000000004,2282.521,1.7165669012464728,7,Construcción
HARTING LIMITADA,2023,27.362499999999997,0.0,0.0,27.362499999999997,0.0,2,"Industria química, de plástico y caucho"
HENKEL CHILE LIMITADA,2023,0.0,0.0,25.56,25.56,100.0,1,"Industria química, de plástico y caucho"
HIPERMERCADOS TOTTUS SA,2023,146.16,0.0,0.0,146.16,0.0,1,Comercio minorista
HORMIGONES BICENTENARIO S.A.,2023,59092.77,0.0,912.81,60005.579999999994,1.5212085276069325,5,Otras industrias manufactureras
HORMISUR INEIN S A,2023,1261.0,0.0,0.0,1261.0,0.0,1,Construcción
HUNTER DOUGLAS CHILE S A,2023,5.99,0.0,140.68,146.67000000000002,95.91600190904752,3,Otras industrias manufactureras
I MUNICIPALIDAD LO BARNECHEA,2023,1421.6290000000001,0.0,11.847,1433.476,0.8264526228552134,9,Construcción
IBM DE CHILE S A C,2023,0.0,0.504816,0.02,0.5248160000000001,3.8108594250175294,4,Otras actividades
ICAFAL INGENIERIA Y CONSTRUCCION S A,2023,21479.1,0.0,0.0,21479.1,0.0,5,Construcción
ICITY SPA,2023,32.769999999999996,0.0,0.0,32.769999999999996,0.0,2,Construcción
ICONEX (CHILE) SPA,2023,0.0,0.41,0.0,0.41,0.0,1,Otras industrias manufactureras
IDEA INVERSIONES INMOBILIARIAS SEIS SPA,2023,3578.582,0.0,0.0,3578.582,0.0,5,Construcción
IDEA INVERSIONES INMOBILIARIAS TRES S.A.,2023,144.0,0.0,0.0,144.0,0.0,1,Construcción
ILUMINACION Y PAISAJE LIMITADA,2023,0.008,9.57,0.0,9.578,0.0,2,Construcción
IMPORTADORA CAFE DO BRASIL S A,2023,0.0,0.0,1.38,1.38,100.0,1,Otras industrias manufactureras
IMPRESORA Y COMERCIAL FE & SER LTDA,2023,0.0,0.0,1.807,1.807,100.0,1,Otras industrias manufactureras
INCAHUASI ENERGY SPA,2023,1.13,0.0,0.0,1.13,0.0,1,Otras centrales de generación eléctrica
INDUSTRIA DE ALIMENTOS DOS EN UNO SOCIEDAD ANONIMA,2023,0.0,0.0,0.71,0.71,100.0,1,Otras industrias manufactureras
INDUSTRIA DE BALDOSAS MICROVIBRADAS S A,2023,118.98,0.0,0.0,118.98,0.0,1,Otras industrias manufactureras
INDUSTRIA DE TUBOS Y PREFABRICADOS DE HORMIGON BUDNIK S A,2023,69.6,0.0,0.0,69.6,0.0,1,Otras industrias manufactureras
INDUSTRIA METALURGICA URSUS TROTTER S A,2023,0.0,0.0,107.376,107.376,100.0,3,Otras industrias manufactureras
INDUSTRIAL OCHAGAVIA LIMITADA,2023,348.31,0.0,0.0,348.31,0.0,1,Otras industrias manufactureras
INDUSTRIAS E INVERSIONES PLASTISERVI SOCIEDAD ANÓNIMA,2023,0.0,1.44,0.0,1.44,0.0,1,"Industria química, de plástico y caucho"
INGENIERIA Y CONSTRUCCION SIGDO    KOPPERS S A,2023,0.0,0.0,1.34,1.34,100.0,1,Otras actividades
INMOB BBI SA,2023,417.6,0.0,0.0,417.6,0.0,1,Otras actividades
INMOB LA CRUZ SA,2023,1237.8,0.0,0.0,1237.8,0.0,2,Otras actividades
INMOBILIARIA ALTO LA CRUZ LIMITADA,2023,2176.77,0.0,0.0,2176.77,0.0,2,Otras actividades
INMOBILIARIA ALTOS DEL VALLE S.A.,2023,670.2,0.0,0.0,670.2,0.0,1,Otras actividades
INMOBILIARIA AMERICO VESPUCIO 4641 S A,2023,0.0,0.0,180.0,180.0,100.0,1,Construcción
INMOBILIARIA ANDES SPA,2023,971.7,0.0,0.0,971.7,0.0,2,Otras actividades
INMOBILIARIA ARCILLA ROJA S.A,2023,164.43,0.0,0.0,164.43,0.0,1,Construcción
INMOBILIARIA ARMAS ORIENTE SPA,2023,258.39,0.0,0.0,258.39,0.0,1,Otras actividades
INMOBILIARIA AYRES ORIENTE S.A.,2023,2390.0,0.0,0.0,2390.0,0.0,1,Construcción
INMOBILIARIA BARRIO PARQUE SANTIAGO SPA,2023,360.0,0.0,0.0,360.0,0.0,1,Otras actividades
INMOBILIARIA BE SMART SAN MIGUEL SPA,2023,1542.48,0.0,0.0,1542.48,0.0,5,Otras actividades
INMOBILIARIA BELGICA 1574 SPA,2023,1151.01,0.0,0.0,1151.01,0.0,3,Otras actividades
INMOBILIARIA BILBAO SPA,2023,909.0,0.0,0.0,909.0,0.0,1,Otras actividades
INMOBILIARIA BROWN NORTE SPA,2023,609.87,0.0,0.0,609.87,0.0,1,Otras actividades
INMOBILIARIA BROWN SUR SPA,2023,1315.71,0.0,0.0,1315.71,0.0,2,Otras actividades
INMOBILIARIA BUSTAMANTE SPA,2023,696.87,0.0,0.0,696.87,0.0,2,Otras actividades
INMOBILIARIA CAPITAN ORELLA DOS SPA,2023,1028.34,0.0,0.0,1028.34,0.0,2,Construcción
INMOBILIARIA CAPITAN ORELLA SPA,2023,486.33,0.0,0.0,486.33,0.0,1,Otras actividades
INMOBILIARIA CAROL URZUA LIMITADA,2023,144.0,0.0,0.0,144.0,0.0,1,Otras actividades
INMOBILIARIA CELIA SOLAR SPA,2023,495.03,0.0,7.29,502.32,1.4512661251791685,3,Otras actividades
INMOBILIARIA CLARO DECOMBE SPA,2023,254.0,0.0,0.0,254.0,0.0,2,Construcción
INMOBILIARIA COLOSO VICUNA MACKENNA LIMITADA,2023,3205.32,0.0,0.0,3205.32,0.0,3,Construcción
INMOBILIARIA CONCHALI UNO SPA,2023,22822.71,0.0,0.0,22822.71,0.0,1,Construcción
INMOBILIARIA CONDOR SPA,2023,550.0,0.0,0.0,550.0,0.0,4,Otras actividades
INMOBILIARIA DACNA LIMITADA,2023,149.64,0.0,3456.0,3605.64,95.84983525809565,3,Otras actividades
INMOBILIARIA DESARROLLO REGENERA V SPA,2023,318.9,0.0,0.0,318.9,0.0,1,Otras actividades
INMOBILIARIA DOMEYKO SPA,2023,1908.33,0.0,0.0,1908.33,0.0,1,Construcción
INMOBILIARIA DON DIEGO SPA,2023,1977.51,1.01,7.7,1986.22,0.38767105355902165,4,Otras actividades
INMOBILIARIA E INVERSIONES DOS M LIMITADA,2023,16.8,0.0,27.25,44.05,61.861520998864926,2,Gestores de residuos
INMOBILIARIA E INVERSIONES LOJA V SPA,2023,21138.45,0.0,0.0,21138.45,0.0,3,Construcción
INMOBILIARIA EDIFICIOS DE HACIENDA SPA,2023,79.17,0.0,0.0,79.17,0.0,1,Otras actividades
INMOBILIARIA EJERCITO SPA,2023,999.0,0.0,0.0,999.0,0.0,1,Otras actividades
INMOBILIARIA EL ALBA DE VALLE GRANDE III SPA,2023,324.0,0.0,0.0,324.0,0.0,1,Otras actividades
INMOBILIARIA EL DESCANSO S.A.,2023,36.0,0.0,0.0,36.0,0.0,1,Construcción
INMOBILIARIA EL NOGAL SPA,2023,1260.0,0.0,0.0,1260.0,0.0,1,Otras actividades
INMOBILIARIA EL TRANQUE SPA,2023,1934.88,0.0,7.167,1942.047,0.36904359163295225,3,Otras actividades
INMOBILIARIA ERASMO ESCALA SPA,2023,2743.98,0.0,0.0,2743.98,0.0,2,Construcción
INMOBILIARIA ESEPE-VEME S A,2023,576.24,0.0,0.0,576.24,0.0,1,Otras actividades
INMOBILIARIA ESQUEMA SPA,2023,1570.0,0.0,0.0,1570.0,0.0,1,Otras actividades
INMOBILIARIA ESTOCOLMO FORTALEZA SPA,2023,540.27,0.0,0.0,540.27,0.0,1,Construcción
INMOBILIARIA EXEQUIEL FERNANDEZ SPA,2023,1424.704,0.0,0.0,1424.704,0.0,3,Construcción
INMOBILIARIA FP 75 SPA,2023,2910.9900000000002,0.0,0.0,2910.9900000000002,0.0,2,Construcción
INMOBILIARIA FRAMBUESAL SPA,2023,1606.0,0.0,0.0,1606.0,0.0,4,Construcción
INMOBILIARIA FROILAN ROA SPA,2023,2348.73,0.0,0.0,2348.73,0.0,3,Otras actividades
INMOBILIARIA GESTORA VALMAR LIMITADA,2023,0.0,0.0,18.29,18.29,100.0,1,Otras actividades
INMOBILIARIA GIMAX 74 SPA,2023,331.14,0.0,0.0,331.14,0.0,1,Otras actividades
INMOBILIARIA GRUPO SANTOLAYA LIMITADA,2023,1.589,0.0,0.0,1.589,0.0,1,Construcción
INMOBILIARIA GUILLERMO MANN SPA,2023,8508.6,0.0,0.0,8508.6,0.0,4,Construcción
INMOBILIARIA IMB LUCO SPA,2023,1814.346,0.0,0.0,1814.346,0.0,3,Construcción
INMOBILIARIA INGLATERRA S.A.,2023,1970.333,0.0,0.0,1970.333,0.0,3,Otras actividades
INMOBILIARIA ISIETE METROPOLITANA III SPA,2023,1171.02,0.0,0.0,1171.02,0.0,2,Construcción
INMOBILIARIA LA PIRAMIDE SPA,2023,25865.97,0.0,0.0,25865.97,0.0,3,Construcción
INMOBILIARIA LAMPA ORIENTE S.A.,2023,7920.0,0.0,0.0,7920.0,0.0,1,Construcción
INMOBILIARIA LAS CONDES 10800 SPA,2023,1166.67,0.0,0.0,1166.67,0.0,1,Otras actividades
INMOBILIARIA LAS ENCINAS DE PENALOLEN S A,2023,1320.66,0.71,0.0,1321.3700000000001,0.0,4,Construcción
INMOBILIARIA LAS VIZCACHAS SPA,2023,1134.0,0.0,0.0,1134.0,0.0,1,Construcción
INMOBILIARIA LOMAS DE ASIS LIMITADA,2023,7699.99,0.0,0.0,7699.99,0.0,3,Otras actividades
INMOBILIARIA LOS ALERCES SPA,2023,579.42,0.0,0.0,579.42,0.0,1,Otras actividades
INMOBILIARIA LOS SACRAMENTINOS S A,2023,3753.18,0.0,0.0,3753.18,0.0,7,Otras actividades
INMOBILIARIA MIRADOR SPA,2023,26.1,0.0,0.0,26.1,0.0,1,Otras actividades
INMOBILIARIA NUCLEO ALMEYDA S.A.,2023,614.22,0.0,0.0,614.22,0.0,3,Otras actividades
INMOBILIARIA NUCLEO CANDELARIA 2 S.A.,2023,13.05,0.0,0.0,13.05,0.0,1,Otras actividades
INMOBILIARIA NUEVA QUILICURA LIMITADA,2023,4801.51,0.0,0.0,4801.51,0.0,3,Otras actividades
INMOBILIARIA OLIVARES SPA,2023,1168.0,0.0,0.0,1168.0,0.0,1,Otras actividades
INMOBILIARIA PAJARITOS SPA,2023,1043.568,0.0,0.0,1043.568,0.0,1,Otras actividades
INMOBILIARIA PARQUE CHICUREO S.A.,2023,230.0,0.0,0.0,230.0,0.0,1,Construcción
INMOBILIARIA PAULONIA SPA,2023,83.52,0.0,0.0,83.52,0.0,1,Otras actividades
INMOBILIARIA PAZ SPA,2023,11745.92,0.0,0.0,11745.92,0.0,5,Construcción
INMOBILIARIA PDV 70 SPA,2023,814.32,0.0,0.0,814.32,0.0,1,Construcción
INMOBILIARIA PEDRO DE ONA SPA,2023,2550.43,0.0,0.0,2550.43,0.0,1,Otras actividades
INMOBILIARIA PEDRO DE VALDIVIA SPA,2023,328.86,0.0,0.0,328.86,0.0,1,Construcción
INMOBILIARIA PEDRO TORRES SPA,2023,86.13,0.0,0.0,86.13,0.0,2,Otras actividades
INMOBILIARIA PEZOA SPA,2023,344.52,0.0,0.0,344.52,0.0,3,Otras actividades
INMOBILIARIA PIE ANDINO UNO SPA,2023,3375.0,0.0,0.0,3375.0,0.0,3,Otras actividades
INMOBILIARIA PILARES S.A.,2023,4760.648999999999,10.517,34.760000000000005,4805.9259999999995,0.7232737249803681,16,Construcción
INMOBILIARIA PK 67 S A,2023,2379.47648,0.0,0.0,2379.47648,0.0,1,Construcción
INMOBILIARIA PLAZA PROVIDENCIA SPA,2023,3093.70998,0.0,0.0,3093.70998,0.0,4,Construcción
INMOBILIARIA PROYECTO MACUL SPA,2023,148.23,0.0,0.0,148.23,0.0,3,Construcción
INMOBILIARIA PUANGUE SPA,2023,288.0,0.0,0.0,288.0,0.0,1,Construcción
INMOBILIARIA PUCARA SPA,2023,410.64,0.0,0.0,410.64,0.0,1,Otras actividades
INMOBILIARIA PUERTA ORIENTE LIMITADA,2023,187.92,0.0,0.0,187.92,0.0,1,Otras actividades
INMOBILIARIA RDG MANUEL RODRIGUEZ SPA,2023,1605.97,0.0,0.0,1605.97,0.0,3,Otras actividades
INMOBILIARIA RENTAS SOUPER SPA,2023,1337.19,0.0,0.0,1337.19,0.0,3,Otras actividades
INMOBILIARIA RESERVA URBANA S.A.,2023,437.8,0.0,0.0,437.8,0.0,2,Otras actividades
INMOBILIARIA RIVAS S.A.,2023,99.0,0.0,0.0,99.0,0.0,1,Otras actividades
INMOBILIARIA ROMAN DIAZ SPA,2023,343.0,76.64,0.0,419.64,0.0,3,Otras actividades
INMOBILIARIA RUTA DESARROLLO DOS SPA,2023,327.58899999999994,0.0,0.0,327.58899999999994,0.0,4,Otras actividades
INMOBILIARIA RUTA DESARROLLO TRES SPA,2023,1583.79,0.0,0.0,1583.79,0.0,2,Otras actividades
INMOBILIARIA SAN ANTONIO SPA,2023,1176.24,0.0,0.0,1176.24,0.0,1,Otras actividades
INMOBILIARIA SAN EUGENIO SPA,2023,1833.0,0.0,0.0,1833.0,0.0,4,Otras actividades
INMOBILIARIA SAN ISIDRO SPA,2023,914.0,0.0,0.0,914.0,0.0,3,Otras actividades
INMOBILIARIA SAN JOAQUIN SPA,2023,360.18,0.0,0.0,360.18,0.0,2,Construcción
INMOBILIARIA SANTA MARIA OFFICE SPA,2023,619.0,0.0,0.0,619.0,0.0,1,Otras actividades
INMOBILIARIA SANTO DOMINGO SPA,2023,321.76,160.08,0.0,481.84000000000003,0.0,3,Otras actividades
INMOBILIARIA SOCOVESA SANTIAGO S A,2023,504.6,1.4100000000000001,4.64,510.65000000000003,0.9086458435327522,4,Construcción
INMOBILIARIA TABANCURA S.A.,2023,218.0,0.0,0.0,218.0,0.0,1,Construcción
INMOBILIARIA TOESCA SPA,2023,477.0,0.0,0.0,477.0,0.0,1,Otras actividades
INMOBILIARIA TORRE APOQUINDO SPA,2023,10067.640000000001,0.0,0.0,10067.640000000001,0.0,2,Otras actividades
INMOBILIARIA URBANO BUSTAMANTE SPA,2023,300.1,0.0,410.0,710.1,57.738346711730735,2,Construcción
INMOBILIARIA URBANO PARK SPA,2023,210.0,0.0,352.0,562.0,62.63345195729537,2,Construcción
INMOBILIARIA VALDIVIA UNO SPA,2023,1715.79,0.0,0.0,1715.79,0.0,4,Otras actividades
INMOBILIARIA VILENA S.A.,2023,450.0,0.0,0.0,450.0,0.0,1,Otras actividades
INMOBILIARIA VIVIENDAS 2000 SPA,2023,2069.4,0.0,0.0,2069.4,0.0,4,Construcción
INMOBILIARIA Y COMERCIAL QUILICURA LIMITADA,2023,1226.0,0.0,0.0,1226.0,0.0,4,Construcción
INMOBILIARIA Y CONSTRUCTORA DP SPA,2023,147.0,0.0,0.0,147.0,0.0,1,Construcción
INMOBILIARIA Y CONSTRUCTORA EL CERRO LIMITADA,2023,4120.32,0.0,0.0,4120.32,0.0,1,Construcción
INMOBILIARIA Y CONSTRUCTORA HUANCHACA SPA,2023,753.251,0.0,0.0,753.251,0.0,1,Construcción
INMOBILIARIA Y CONSTRUCTORA PEBAL S.A,2023,918.0020000000001,0.0,0.0,918.0020000000001,0.0,4,Construcción
INMOBILIARIA Y DESARROLLADORA EL REMANSO SPA.,2023,1059.66,0.945,10.71,1071.315,0.9997059688326962,4,Otras actividades
INMOBILIARIA ZAMORA SPA,2023,580.94,0.0,0.0,580.94,0.0,2,Otras actividades
INSTAPANEL S.A.,2023,0.0,8.51,978.41,986.92,99.13772139585782,2,Otras industrias manufactureras
INSTITUTO NACIONAL DEL TORAX,2023,0.0,0.0,0.068,0.068,100.0,2,Otras actividades
INSTITUTO PROFESIONAL AIEP SPA,2023,0.0,0.0,0.446,0.446,100.0,1,Otras actividades
INTEGRALSTART  SPA,2023,0.0,0.0,0.15,0.15,100.0,1,Otras actividades
INTERMOB S A,2023,0.0,0.0,10.873,10.873,100.0,3,Otras industrias manufactureras
INVERSIONES ANCAR SPA,2023,375.0,0.0,0.0,375.0,0.0,2,Construcción
INVERSIONES CORMI LIMITADA,2023,0.0,0.0,256.31,256.31,100.0,2,Gestores de residuos
INVERSIONES DESCO S.A.,2023,15612.2,0.0,0.0,15612.2,0.0,1,Otras actividades
INVERSIONES INGENIEROS QUINCE SPA,2023,315.57,0.0,0.0,315.57,0.0,3,Otras actividades
INVERSIONES TERRACORP S A,2023,125.28,0.0,0.0,125.28,0.0,1,Otras actividades
ISA INMOBILIARIA S.A.,2023,515.85,0.0,0.0,515.85,0.0,2,Otras actividades
JAVIERA SPA,2023,0.28,0.0,0.0,0.28,0.0,2,Otras centrales de generación eléctrica
JUAN ALFONSO INOSTROZA,2023,0.0,148.71,122.102,270.812,45.08736688182208,5,Comercio mayorista
KOMATSU CUMMINS CHILE ARRIENDA S A,2023,0.0,0.0,7.49,7.49,100.0,1,Ventas y mantención de vehículos automotores
KOMATSU REMAN CENTER CHILE S.A.,2023,31.25,36.77,0.0,68.02000000000001,0.0,2,Otras industrias manufactureras
KRAH AMERICA LATINA S.A.,2023,0.0,0.0,28.84,28.84,100.0,1,"Industria química, de plástico y caucho"
KSB CHILE S A,2023,0.0,5.028,0.0,5.028,0.0,2,Comercio mayorista
KYNDRYL CHILE SPA,2023,0.0,0.02,0.0,0.02,0.0,1,Otras actividades
LA ORACION SPA,2023,603.0,0.0,0.0,603.0,0.0,1,Otras actividades
LABORATORIO BALLERINA LIMITADA,2023,2.49,0.0,12.85,15.34,83.76792698826597,2,"Industria química, de plástico y caucho"
LABORATORIO CHILE S A,2023,0.0,34.444,1.018,35.462,2.8706784727313743,2,Otras industrias manufactureras
LABORATORIO DURANDIN SA,2023,79.46,0.0,0.0,79.46,0.0,2,"Industria química, de plástico y caucho"
LABORATORIOS ANDROMACO S.A.,2023,111.13,0.0,0.0,111.13,0.0,2,Otras industrias manufactureras
LAGUNA CENTRO 1 SPA,2023,3782.0,0.0,0.0,3782.0,0.0,1,Construcción
LARI OBRAS Y SERVICIOS SPA,2023,856.8,0.0,0.0,856.8,0.0,1,Otras actividades
LASCAR ENERGY SPA,2023,14.780000000000001,0.0,0.0,14.780000000000001,0.0,4,Otras centrales de generación eléctrica
LDA SA,2023,0.0,8.66,13.67,22.33,61.21809225257502,2,Otras industrias manufactureras
LINDE HIGH LIFT CHILE S A,2023,2.251,2.521,0.7,5.472,12.792397660818711,4,Otras actividades
LO ESPEJO DATA CENTER SPA,2023,169.82,0.0,0.0,169.82,0.0,1,Otras actividades
MAESTRA CONSTRUCCION S.A.,2023,2029.67,0.0,0.0,2029.67,0.0,4,Construcción
MAESTRA EDIFICACION S.A.,2023,130.5,0.0,0.0,130.5,0.0,1,Construcción
MAESTRA PROYECTOS SPA,2023,1292.77,0.0,0.0,1292.77,0.0,3,Construcción
MAESTRA SANTA ROSA SPA,2023,407.16,0.0,0.0,407.16,0.0,2,Construcción
MAESTRA VILLA ALEMANA S.A.,2023,144.42,0.0,0.0,144.42,0.0,1,Construcción
MAESTRANZA ACUNA SPA,2023,0.0,0.0,53.72,53.72,100.0,3,Otras industrias manufactureras
MAESTRANZA GORDILLO SOCIEDAD ANONIMA CERRADA,2023,0.42,0.0,0.0,0.42,0.0,1,Otras industrias manufactureras
MAGOTTEAUX ANDINO S.A.,2023,900.715,0.0,0.0,900.715,0.0,3,Otras industrias manufactureras
MAIMONIDES SPA,2023,2.81,0.0,0.0,2.81,0.0,1,Construcción
MANE CHILE SA,2023,0.0,0.0,0.134,0.134,100.0,1,"Industria química, de plástico y caucho"
MANQUEHUE GESTIÓN LIMITADA,2023,260.13,0.0,0.0,260.13,0.0,2,Otras actividades
MANUEL DE LA CRUZ VALDERRAMA,2023,0.0,0.0,4.586,4.586,100.0,1,Comercio mayorista
MEDICAL INTERNATIONAL LABORATORIES CORPORATION SA,2023,17.5,0.0,0.0,17.5,0.0,1,Otras industrias manufactureras
MELON ARIDOS LIMITADA,2023,0.0,0.0,23.91,23.91,100.0,1,Minería
MELON HORMIGONES S.A.,2023,19781.300000000003,0.0,0.0,19781.300000000003,0.0,2,Otras industrias manufactureras
MELON S.A.,2023,1.57,0.0,0.0,1.57,0.0,1,"Producción de cemento, cal y yeso"
MERCADOLIBRE CHILE LIMITADA,2023,0.4,0.0,0.0,0.4,0.0,1,Otras actividades
METALURGICA SILCOSIL SPA,2023,182.19,0.0,0.0,182.19,0.0,2,Otras industrias manufactureras
METROGAS S A,2023,0.0,3.36,67.54,70.9,95.26093088857546,9,Otras actividades
MIMET S. A.,2023,0.0,0.0,182.92,182.92,100.0,1,Otras industrias manufactureras
MINERA ESCONDIDA LIMITADA,2023,0.0,2111.86,13718.04,15829.900000000001,86.65904396111156,2,Minería
MINERA LO VALDES LIMITADA,2023,0.0,0.0,2.78,2.78,100.0,1,Minería
MINERA MELON S.A.,2023,0.21,0.0,0.0,0.21,0.0,1,Minería
MINERA SPENCE S.A.,2023,0.0,0.0,689.31,689.31,100.0,3,Minería
MOLINERA FERRER HNOS S A,2023,0.0,0.0,0.59,0.59,100.0,1,Otras industrias manufactureras
MOLYMETNOS S.A.,2023,6334.44031,0.0,0.0,6334.44031,0.0,2,Minería
MONSANTO CHILE  S.A.,2023,22.47,0.0,0.0,22.47,0.0,2,Producción agropecuaria
MVC SOLAR 48 SPA,2023,0.74,0.0,0.0,0.74,0.0,1,Otras centrales de generación eléctrica
NATURA COSMETICOS S.A,2023,68.11,0.0,0.0,68.11,0.0,3,Comercio minorista
NESTLE CHILE SA,2023,718.86,0.0,1.224,720.0840000000001,0.16998016898028562,9,Otras industrias manufactureras
NEXANS CHILE S.A,2023,0.0,0.0,3.7,3.7,100.0,1,Otras industrias manufactureras
NOLBERTO ORLANDO SUAREZ,2023,0.0,16.54,2644.059,2660.599,99.37833548009301,2,Gestores de residuos
NOVOFARMA SERVICE S A,2023,0.0,0.0,50.753,50.753,100.0,2,Otras actividades
NUEVA ESPERANZA SOLAR SPA,2023,5.41,0.0,0.0,5.41,0.0,2,Otras centrales de generación eléctrica
NUNOA CAPITAL SPA,2023,3020.64,0.0,0.0,3020.64,0.0,3,Otras actividades
OBRAS CIVILES FARIAS E HIJOS SPA,2023,0.94,0.0,0.0,0.94,0.0,2,Construcción
OBRASCON HUARTE LAIN S A AGENCIA EN CHILE,2023,5956.0,0.0,0.0,5956.0,0.0,2,Construcción
ODIS SPA,2023,0.0,10.058,0.0,10.058,0.0,1,Otras industrias manufactureras
OXIQUIM S A,2023,22.62,0.0,56.55,79.17,71.42857142857142,3,"Industria química, de plástico y caucho"
PACANA DEL VERANO SPA,2023,16.87,0.0,0.0,16.87,0.0,2,Otras centrales de generación eléctrica
PALPANA DE VERANO SPA,2023,5.78,0.0,0.0,5.78,0.0,1,Otras centrales de generación eléctrica
PAPELES CORDILLERA SPA,2023,0.0,1207.8700000000001,0.0,1207.8700000000001,0.0,2,Industria del papel y celulosa
PARQUE TALINAY ORIENTE S.A.,2023,0.0,0.0,128.41,128.41,100.0,3,Otras centrales de generación eléctrica
PARUMA DEL VERANO SPA,2023,5.17,0.0,0.0,5.17,0.0,1,Otras centrales de generación eléctrica
PATAGUA SPA,2023,35.57,0.0,0.0,35.57,0.0,1,Otras centrales de generación eléctrica
PATAGUAL HOME SPA,2023,0.0,25.729999999999997,0.0,25.729999999999997,0.0,2,Industria de la madera y silvicultura
PAVIMENTOS QUILIN LIMITADA,2023,0.0,0.0,4.8,4.8,100.0,1,Construcción
PERI CHILE ENCOFRADOS Y ANDAMIOS LIMITADA,2023,95.59,0.0,0.0,95.59,0.0,3,Construcción
PETEROA ENERGY SPA,2023,108.98,12.44,0.0,121.42,0.0,7,Otras centrales de generación eléctrica
PLASVI SPA,2023,28.92,0.0,7.800000000000001,36.72,21.24183006535948,3,Otras industrias manufactureras
PLAZA COSTANERA SPA.,2023,364.53,0.0,0.0,364.53,0.0,1,Construcción
PLAZA EGANA SPA,2023,2692.0,0.0,0.0,2692.0,0.0,2,Construcción
POMERAPE SPA,2023,17.17,10.9,0.0,28.07,0.0,6,Otras centrales de generación eléctrica
PREFABRICADOS DE HORMIGON GRAU S A,2023,7459.22,0.0,0.0,7459.22,0.0,4,Otras industrias manufactureras
PREMIUM HOME SPA,2023,1017.71,0.0,0.0,1017.71,0.0,2,Construcción
PROCESADORA Y COMERCIAL DE MINERALES Y GRANOS INDUSTRIALES MIGRIN SA,2023,0.0,0.0,6.21,6.21,100.0,2,Minería
PROCTER & GAMBLE CHILE LIMITADA,2023,0.0,12.82,68.91799999999999,81.738,84.3157405368372,6,Otras industrias manufactureras
PROMET SERVICIOS SPA,2023,332.07500000000005,0.0,0.0,332.07500000000005,0.0,3,Construcción
PROYECTOS INGENIERÍA MECÁNICA Y TELECOMUNICACIONES SPA,2023,0.0,0.0,12.591,12.591,100.0,3,Construcción
PULLMAN CARGO S A,2023,0.0,0.0,2.17,2.17,100.0,1,Otras actividades
PUNTIAGUDO ENERGY SPA,2023,2.79,0.0,0.0,2.79,0.0,1,Otras centrales de generación eléctrica
QUIMETAL INDUSTRIAL S A,2023,0.0,31.515,3.67,35.185,10.430581213585334,3,"Industria química, de plástico y caucho"
QUIMICA HEWSTONE S A,2023,13.29,0.0,0.0,13.29,0.0,1,"Industria química, de plástico y caucho"
RE-CICLAR S.A,2023,932.0,34.2,7.0,973.2,0.7192766132346896,11,Gestores de residuos
READY MIX HORMIGONES LIMITADA,2023,14482.0,0.0,0.0,14482.0,0.0,5,Otras industrias manufactureras
RECYCLING S.A.,2023,54.4,0.0,0.0,54.4,0.0,2,Gestores de residuos
RED DE TRANSPORTES COMERCIALES LIMITADA,2023,0.12,0.0,0.0,0.12,0.0,1,Comercio mayorista
REFINERIA DE GRASAS Y ACEITES COMESTIBLES VIACAVA SPA.,2023,0.0,3.93,4.018,7.948,50.55359838953195,2,Otras industrias manufactureras
RENTAS E INVERSIONES BRASILIA S.A.,2023,435.0,0.0,0.0,435.0,0.0,1,Otras actividades
RERCHAR CHILE SPA,2023,0.0,0.0,352.21,352.21,100.0,1,Gestores de residuos
RUTA DEL MAIPO SOCIEDAD CONCESIONARIA S.A.,2023,2735.15,401.28700000000003,45.07,3181.507,1.4166242601383559,8,Construcción
SACYR CHILE S A,2023,21542.356,15.48,179.77,21737.606,0.8269999925474775,24,Construcción
SACYR OPERACION Y SERVICIOS S.A.,2023,159.0,3443.2000000000003,0.0,3602.2000000000003,0.0,3,Construcción
SAMSUNG ELECTRONICS CHILE LIMITADA,2023,18.560000000000002,0.0,0.0,18.560000000000002,0.0,2,Otras actividades
SAN ANTONIO SPA,2023,7.8,0.0,0.0,7.8,0.0,1,Otras centrales de generación eléctrica
SAN RAMON SOLAR SPA,2023,0.0,1.893,0.0,1.893,0.0,3,Otras centrales de generación eléctrica
SANDVIK CHILE S.A.,2023,16.78,0.0,0.0,16.78,0.0,1,Minería
SANTA HERMINIA SPA,2023,85.5,0.0,0.0,85.5,0.0,1,Otras actividades
SANTA TERESA S. A.,2023,0.0,0.0,0.37,0.37,100.0,1,Otras industrias manufactureras
SANTIAGO SUR 1 SPA.,2023,1013.73,0.0,0.0,1013.73,0.0,2,Otras actividades
SCANIA CHILE S.A.,2023,3.17,0.0,0.0,3.17,0.0,1,Ventas y mantención de vehículos automotores
SEALED AIR CHILE SPA,2023,43.5,0.0,0.0,43.5,0.0,1,Otras industrias manufactureras
SERVICIO DE SALUD CHILOE,2023,71.11,0.0,0.0,71.11,0.0,1,Construcción
SERVICIO DE SALUD OCCIDENTE HOSPITAL SAN JUAN DE DIOS,2023,1384.6,0.0,0.0,1384.6,0.0,1,Otras actividades
SERVICIOS AMAZON DATA SERVICES CHILE SPA,2023,200.0,0.0,0.0,200.0,0.0,1,Otras actividades
SERVICIOS DE REHABILITACION INDUSTRIAL CIPP CHILE S.A,2023,17.85,0.0,0.0,17.85,0.0,1,Otras industrias manufactureras
SGS MINERALS S.A.,2023,40.0,0.0,0.0,40.0,0.0,1,Minería
SICE AGENCIA CHILE S.A.,2023,5.06,0.0,0.0,5.06,0.0,6,Otras actividades
SIENA CONSTRUCTORA  S.A.,2023,7224.489,0.0,1.01,7225.499,0.013978273334478352,5,Construcción
SIKA S A CHILE,2023,2281.031,0.0,0.0,2281.031,0.0,7,"Industria química, de plástico y caucho"
SIMONETTI INMOBILIARIA S.A.,2023,2754.675,0.0,0.0,2754.675,0.0,2,Construcción
SINDELEN S A,2023,0.0,0.0,92.32000000000001,92.32000000000001,100.0,2,Otras industrias manufactureras
SINERGIA INMOBILIARIA S.A.,2023,7214.6295,0.0,0.0,7214.6295,0.0,11,Construcción
SISTEMA DE TRANSMISION DEL SUR S.A.,2023,0.0,0.0,489.42699999999996,489.42699999999996,100.0,6,Otras actividades
SKC S.A,2023,0.0,0.0,41.129999999999995,41.129999999999995,100.0,2,Ventas y mantención de vehículos automotores
SMURFIT KAPPA DE CHILE S.A.,2023,0.0,0.0,23.59,23.59,100.0,1,Industria del papel y celulosa
SOC COMERCIAL DEGRAF SPA,2023,0.0,52.4345,12.667,65.1015,19.45730897137547,3,Otras actividades
SOC COMERCIALIZADORA METROPOLITANA S A,2023,3660.57,14.01,0.0,3674.5800000000004,0.0,2,Construcción
SOC CONCESIONARIA AUTOPISTA CENTRAL S A,2023,7026.12,2108.4,0.0,9134.52,0.0,4,Otras actividades
SOC CONCESIONARIA AUTOPISTA DE LOS ANDES S A,2023,0.0,3705.078,0.0,3705.078,0.0,1,Otras actividades
SOC CONCESIONARIA AUTOPISTA LOS LIBERTADORES S A,2023,0.0,10819.03,0.0,10819.03,0.0,1,Otras actividades
SOC CONCESIONARIA AUTOPISTA NORORIENTE S A,2023,0.0,0.0,1316.4,1316.4,100.0,1,Otras actividades
SOC CONCESIONARIA CENTRO DE JUSTICIA DE SANTIAGO S A,2023,33.95,0.0,0.0,33.95,0.0,1,Construcción
SOC CONCESIONARIA LITORAL CENTRAL S A,2023,0.0,93.6,6050.4,6144.0,98.4765625,3,Otras actividades
SOC CONCESIONARIA RUTAS DEL PACIFICO S A,2023,1521.02,8716.800000000001,0.0,10237.820000000002,0.0,4,Otras actividades
SOC DE CONSTRUCTORES TENSACON S A,2023,0.0,0.0,26.35,26.35,100.0,1,Construcción
SOC DE SERVICIOS TECNICOS GEOLOGI COS GEOTEC BOYLES BROS S A,2023,0.0,0.0,89.78899999999999,89.78899999999999,100.0,2,Minería
SOC INDUSTRIAL ROMERAL S A,2023,6986.400000000001,0.0,0.0,6986.400000000001,0.0,2,Otras industrias manufactureras
SOC MINERA ROSARIO LTDA,2023,0.0,0.0,17.3,17.3,100.0,1,Minería
SOC PETREOS S A,2023,37693.270000000004,0.0,1921.33,39614.600000000006,4.850055282648316,6,Otras industrias manufactureras
SOCIEDAD COMERCIAL Y MINERA EL RELOJ LIMITADA,2023,0.0,17.67,0.0,17.67,0.0,1,Minería
SOCIEDAD CONCESIONARIA AMB S.A.,2023,90.0,0.0,900.0,990.0,90.9090909090909,2,Otras actividades
SOCIEDAD CONCESIONARIA AMERICO VESPUCIO ORIENTE II S.A.,2023,17489.2,0.0,0.0,17489.2,0.0,8,Otras actividades
SOCIEDAD CONCESIONARIA AUTOPISTA NUEVA VESPUCIO SUR S.A.,2023,0.0,0.0,1016.4,1016.4,100.0,1,Otras actividades
SOCIEDAD CONCESIONARIA COSTANERA NORTE S A,2023,0.0,0.0,4983.6,4983.6,100.0,1,Otras actividades
SOCIEDAD CONCESIONARIA HOSPITAL BUIN PAINE S.A.,2023,691.933,107.049,11.65,810.632,1.4371502728735113,9,Construcción
"SOCIEDAD CONCESIONARIA INSTITUTO NACIONAL DEL CANCER, S.A.",2023,677.74,0.0,0.0,677.74,0.0,1,Construcción
SOCIEDAD CONCESIONARIA NUEVO PUDAHUEL S.A.,2023,1240.868,0.0,0.0,1240.868,0.0,2,Otras actividades
SOCIEDAD CONCESIONARIA RUTA DE LA FRUTA S.A.,2023,58.425,0.0,0.0,58.425,0.0,2,Construcción
SOCIEDAD CONCESIONARIA TUNEL EL MELON II S.A,2023,87.88,0.0,0.0,87.88,0.0,1,Construcción
SOCIEDAD CONSTRUCTORA CASA HOGAR LTDA,2023,750.0,0.0,0.0,750.0,0.0,1,Construcción
SOCIEDAD CONSTRUCTORA PYG LIMITADA,2023,134.85,0.0,0.0,134.85,0.0,1,Construcción
SOCIEDAD INDUSTRIAL PIZARRENO S.A.,2023,2549.7599999999998,0.0,0.0,2549.7599999999998,0.0,4,Otras industrias manufactureras
SOCIEDAD LEM LABORATORIOS & ASISTENCIA TECNICA LIMITADA,2023,193.35194,0.0,0.0,193.35194,0.0,4,Otras actividades
SOCIEDAD SODERIN SPA,2023,0.0,0.493,0.0,0.493,0.0,1,Otras industrias manufactureras
SOCOMPA DE VERANO SPA,2023,2.92,0.0,0.0,2.92,0.0,1,Otras centrales de generación eléctrica
SOCOVESA INMOBILIARIA Y CONSTRUCCIONES S.A,2023,2916.18,0.0,0.0,2916.18,0.0,4,Construcción
SOFTYS CHILE SPA,2023,890.77,229.52,0.0,1120.29,0.0,7,Industria del papel y celulosa
SOPROCAL CALERIAS E INDUSTRIAS S A,2023,0.0,0.0,7.45,7.45,100.0,1,"Producción de cemento, cal y yeso"
SOPROLE S.A.,2023,18.11,0.0,0.0,18.11,0.0,2,Otras industrias manufactureras
SSANGYONG MOTOR CHILE SPA,2023,158.34,0.0,0.0,158.34,0.0,2,Ventas y mantención de vehículos automotores
SUMMIT NANOTECH CHILE SPA,2023,7.65,0.0,0.0,7.65,0.0,1,Otras actividades
SYNTHEON CHILE LIMITADA,2023,102.71,0.0,0.0,102.71,0.0,1,"Industria química, de plástico y caucho"
SYNTHON CHILE LIMITADA,2023,0.0,1.205,0.0,1.205,0.0,2,Otras industrias manufactureras
TECNORED S A,2023,2.213,0.0,43.230000000000004,45.443000000000005,95.13016306141759,3,Otras actividades
TECNOVIAL S A,2023,0.0,0.0,500.894,500.894,100.0,1,Otras industrias manufactureras
TELEFONICA CHILE S.A.,2023,0.2,0.0,0.0,0.2,0.0,2,Otras actividades
TERQUIM S.A.,2023,0.0,0.0,20.23,20.23,100.0,1,Otras actividades
TERRACAM SPA,2023,827.6,0.0,0.21,827.8100000000001,0.025368140032132974,3,Construcción
TERRITORIA APOQUINDO S.A,2023,4208.618,0.0,0.0,4208.618,0.0,5,Otras actividades
TRANSELEC HOLDINGS RENTAS LIMITADA,2023,226.43599999999998,0.0,0.0,226.43599999999998,0.0,2,Otras actividades
TRANSELEC S A,2023,106.14,0.0,0.0,106.14,0.0,2,Otras actividades
TRANSPORTES ANDINA REFRESCOS LTDA,2023,4.37,0.0,0.0,4.37,0.0,2,Otras actividades
TRANSPORTES CCU LTDA,2023,0.2,0.0,0.0,0.2,0.0,1,Otras actividades
TRANSPORTES COMETA S A,2023,0.0,0.0,4.04,4.04,100.0,1,Otras actividades
TRANSPORTES SIMUNOVIC LTDA,2023,0.0,0.0,6.0,6.0,100.0,1,Otras actividades
TRANSPORTES Y EXCAVACIONES LTDA,2023,3572.0,0.0,0.0,3572.0,0.0,9,Construcción
UNILEVER CHILE LTDA,2023,1.45,0.0,0.0,1.45,0.0,1,Otras actividades
UNIVERSIDAD DE CHILE,2023,2180.56,0.0,15.74,2196.2999999999997,0.7166598369985886,14,Otras actividades
UNIVERSIDAD TECNOLOGICA DE CHILE INACAP,2023,13.05,0.0,0.0,13.05,0.0,1,Otras actividades
V S L SISTEMAS ESPECIALES DE CONSTRUCCION S A,2023,20.63,0.0,0.0,20.63,0.0,1,Construcción
VENTALPLASTIC SPA,2023,0.0,53.8,0.0,53.8,0.0,1,Construcción
VICENTE VALDES SPA,2023,1210.89,0.0,5.518,1216.4080000000001,0.4536306897027971,5,Construcción
VICUÑA CAPITAL SPA,2023,1866.15,0.0,12.339,1878.489,0.6568577191561942,2,Otras actividades
VIDRIOS DELL ORTO S.A.,2023,0.0,0.0,1103.1309999999999,1103.1309999999999,100.0,3,Otras industrias manufactureras
VIGAFLOW S A,2023,0.0,0.0,1.46,1.46,100.0,1,Comercio minorista
VILLABLANCA INDUSTRIAL SOCIEDAD ANONIMA,2023,0.0,0.0,27.97,27.97,100.0,1,Otras industrias manufactureras
VINA CONCHA Y TORO S A,2023,1.2,0.0,0.0,1.2,0.0,1,Otras industrias manufactureras
VIVIENDAS ARAUCARIAS SPA,2023,3670.0,0.0,0.0,3670.0,0.0,1,Construcción
VIVIENDAS ECONOMICAS CINCO DE ABRIL S.A.,2023,392.3,0.0,0.0,392.3,0.0,3,Construcción
VIVIENDAS ECONOMICAS SAN LUIS S.A.,2023,210.0,0.0,0.0,210.0,0.0,3,Construcción
VIVO SPA,2023,4.19,0.0,0.0,4.19,0.0,2,Otras actividades
WATT'S  S.A.,2023,0.0,0.992,5.45,6.442,84.60105557280347,2,Otras industrias manufactureras
WATT'S S.A,2023,7.44,2.6670000000000003,97.392,107.499,90.59805207490302,7,Otras industrias manufactureras
WORLEY INGENIERIA Y CONSTRUCCION CHILE S.A.,2023,265.924,0.0,0.0,265.924,0.0,1,Otras actividades
WURTH CHILE LIMITADA,2023,700.44,0.0,0.0,700.44,0.0,1,Otras industrias manufactureras
ZUBLIN INTERNATIONAL GMBH CHILE SPA,2023,0.0,0.0,89.05,89.05,100.0,1,Minería
ABASTIBLE S.A.,2024,20.0,0.0,0.0,20.0,0.0,1,Otras actividades
ABENGOA CHILE S A,2024,12.0,21.599999999999998,0.0,33.599999999999994,0.0,10,Construcción
ACEROS AZA S.A.,2024,1268.93,0.0,578.92,1847.85,31.32938279622264,27,Otras industrias manufactureras
ACERTECH LIMITADA,2024,0.0,0.0,16.88,16.88,100.0,6,Otras industrias manufactureras
ACUEDUCTO SAN ISIDRO QUILAPILUN SPA,2024,170.46,0.0,0.0,170.46,0.0,13,"Captación, tratamiento y distribución de agua"
ADMINISTRADORA DEL PRADO Y LA FORESTA SPA,2024,680.4,0.0,0.0,680.4,0.0,24,Otras actividades
ADMINISTRADORA PLAZA VESPUCIO S A,2024,16067.95,0.0,47.94,16115.890000000001,0.29747038481895816,28,Otras actividades
ADQUIM SPA,2024,36.66,0.0,0.0,36.66,0.0,5,"Industria química, de plástico y caucho"
AEROSAN AIRPORT SERVICES S A,2024,0.0,0.0,31.997,31.997,100.0,1,Otras actividades
AES ANDES S A,2024,148.34199999999998,0.0,35.45,183.79199999999997,19.28810829633499,15,Otras actividades
AGRICOLA SAN JOSE DE PERALILLO S A,2024,0.0,7.13,0.0,7.13,0.0,9,Otras industrias manufactureras
AGRICOLA SANTA MARTA DE LIRAY S A,2024,2.56,0.0,0.0,2.56,0.0,1,Producción agropecuaria
AGRICOLA SUPER LIMITADA,2024,800.0,0.0,0.0,800.0,0.0,1,Producción agropecuaria
AGUAS ANDINAS S A,2024,767.104,0.0,0.0,767.104,0.0,4,Plantas de tratamiento de aguas servidas
AGUAS PACIFICO SPA,2024,107.92999999999999,0.0,0.0,107.92999999999999,0.0,12,"Captación, tratamiento y distribución de agua"
AGUASIN SPA,2024,0.0,0.0,4.45,4.45,100.0,1,"Industria química, de plástico y caucho"
AGUILAR Y COMPANIA LIMITADA,2024,24.36,0.0,5.027,29.387,17.106203423282405,5,Otras industrias manufactureras
AISLANTES VOLCAN S A,2024,39.12,0.0,0.0,39.12,0.0,2,Otras industrias manufactureras
AKI KB MINIBODEGAS SPA,2024,1821.0,0.0,0.0,1821.0,0.0,25,Otras actividades
ALBEMARLE LIMITADA,2024,0.0,0.0,145.82,145.82,100.0,3,Minería
ALD LOGISTICA LIMITADA,2024,0.0,8.68,0.0,8.68,0.0,12,Otras actividades
ALTO LAS PERDICES SPA,2024,3011.0,0.0,0.0,3011.0,0.0,17,Otras actividades
ALTO MAIPO SPA,2024,175.893,0.0,53.269999999999996,229.163,23.245462836496287,10,Otras centrales de generación eléctrica
ALUMA SYSTEMS SERVICIOS CHILE LIMITADA,2024,123.7,0.0,98.867,222.567,44.42123046093985,30,Otras actividades
ANDINA SOLAR 13 SPA,2024,0.16,0.0,0.0,0.16,0.0,1,Otras centrales de generación eléctrica
ANDINA SOLAR 2 SPA,2024,48.620000000000005,0.0,0.0,48.620000000000005,0.0,5,Otras centrales de generación eléctrica
ANGLO AMERICAN SUR S.A.,2024,59.8,1.6,69.37,130.77,53.04733501567638,8,Minería
ANTALIS CHILE SPA,2024,0.0,0.9,1.52,2.42,62.8099173553719,2,Otras actividades
ARAUCO MALLS CHILE S.A.,2024,21.87,0.0,0.0,21.87,0.0,1,Otras actividades
ARRENDAMIENTOS DEPARTAMENTAL 891 SPA,2024,84214.0,0.0,0.0,84214.0,0.0,10,Construcción
ARRENDAMIENTOS GWZ SPA,2024,766.0,0.2,2.05,768.25,0.2668402212821347,12,Otras actividades
ARRENDAMIENTOS INDEPENDENCIA 4.745 SPA,2024,790.0,0.38,2.894,793.274,0.3648172006141636,24,Construcción
ASESORIAS SUELOTEST LIMITADA,2024,26.97,0.0,0.0,26.97,0.0,3,Construcción
ATCO SABINCO S.A,2024,227.64999999999998,0.0,22.994,250.64399999999998,9.173967858795743,17,Construcción
AUSTRIANSOLAR CHILE SEIS SPA,2024,1.25,0.0,0.0,1.25,0.0,1,Otras centrales de generación eléctrica
AVSA ALTO NUNOA SPA,2024,704.7,0.0,0.0,704.7,0.0,6,Otras actividades
AVSA LOS ALERCES SPA,2024,640.32,0.0,0.0,640.32,0.0,7,Otras actividades
AVSA PDV SPA,2024,384.54,0.0,0.0,384.54,0.0,4,Otras actividades
BALL CHILE S.A.,2024,14.95,0.0,0.0,14.95,0.0,5,Otras industrias manufactureras
BANCO CENTRAL DE CHILE,2024,95.077,0.0,0.0,95.077,0.0,30,Otras actividades
BANCO DEL ESTADO DE CHILE,2024,20.2,0.0,0.0,20.2,0.0,4,Otras actividades
BASF CHILE S A,2024,5.77,0.0,0.0,5.77,0.0,3,"Industria química, de plástico y caucho"
BAUMAX SPA,2024,0.0,97.16,0.0,97.16,0.0,2,Construcción
BESALCO - ARRIGONI LIMITADA,2024,173.03,0.0,0.0,173.03,0.0,12,Construcción
BIO BIO CEMENTOS S.A.,2024,0.0,0.0,11.74,11.74,100.0,3,"Producción de cemento, cal y yeso"
BITUMIX AUSTRAL S.A.,2024,2.54,0.0,0.0,2.54,0.0,1,Otras industrias manufactureras
BLUE EXPRESS S.A.,2024,183.14,0.0,178.36,361.5,49.33886583679115,19,Otras actividades
BOETSCH S A,2024,6426.0,0.0,0.0,6426.0,0.0,41,Construcción
BOTTAI S A,2024,10.98,0.0,81.17,92.15,88.0846446011937,12,Otras industrias manufactureras
BOULEVARD MACUL SPA,2024,3779.31,1.592,68.22,3849.122,1.7723522403290934,28,Otras actividades
BOULEVARD MAESTRANZA S.A.,2024,53.94,0.0,0.0,53.94,0.0,1,Otras actividades
BOZIC INGENIERIA Y CONSTRUCCION LIMITADA,2024,36.0,0.0,0.0,36.0,0.0,1,Construcción
BRAVO ENERGY SPA,2024,0.0,0.0,12.0,12.0,100.0,2,Comercio mayorista
BRENNTAG CHILE COMERCIAL E INDUSTRIAL LIMITADA,2024,2.55,0.0,0.0,2.55,0.0,2,Otras actividades
BRICSA S A,2024,186.0,0.0,0.0,186.0,0.0,3,Construcción
BRITISH AMERICAN TOBACCO CHILE OPERACIONES S.A.,2024,0.0,0.0,1.18,1.18,100.0,1,Otras industrias manufactureras
BRUNO FRITSCH S.A.,2024,0.36,0.0,0.0,0.36,0.0,1,Ventas y mantención de vehículos automotores
CALBUCO DE VERANO SPA,2024,1.18,0.0,0.0,1.18,0.0,1,Otras centrales de generación eléctrica
CALLAQUI DE VERANO SPA,2024,2.22,0.0,0.0,2.22,0.0,2,Otras centrales de generación eléctrica
CAMILO FERRON CHILE S A,2024,19.35,0.0,0.0,19.35,0.0,5,Otras industrias manufactureras
CARLOS RODRIGO MOLL SILVA,2024,83.52,0.0,0.0,83.52,0.0,1,Construcción
CARRERA CAPITAL SPA,2024,164.43,0.0,0.0,164.43,0.0,2,Otras actividades
CASA DE MONEDA DE CHILE S.A.,2024,1.47,0.0,0.0,1.47,0.0,1,Otras actividades
CEMENTO POLPAICO S A,2024,1524.762,0.0,27.880000000000003,1552.642,1.7956489647967786,14,"Producción de cemento, cal y yeso"
CEMENTOS BICENTENARIO S.A,2024,26.89,0.0,0.0,26.89,0.0,1,"Producción de cemento, cal y yeso"
CENCOSUD RETAIL S.A.,2024,8.530000000000001,0.0,0.0,8.530000000000001,0.0,5,Comercio minorista
CERRILLOS II SPA,2024,27.84,0.0,0.0,27.84,0.0,1,Construcción
CERVECERA CCU CHILE LIMITADA,2024,253.81,0.0,0.0,253.81,0.0,11,Otras industrias manufactureras
CGE DISTRIBUCION S A,2024,132.16,3.37,0.35,135.88,0.25758021783926993,13,Otras actividades
CHILENA DE MOLDEADOS SPA,2024,10.24,0.0,0.0,10.24,0.0,2,Industria del papel y celulosa
CHILEXPRESS S A,2024,0.0,0.62,25.241,25.861,97.602567572793,3,Otras actividades
CHILEXPRESS S.A.,2024,0.0,0.0,0.032,0.032,100.0,1,Otras actividades
CIA INDUSTRIAL EL VOLCAN S A,2024,14282.937,0.0,0.0,14282.937,0.0,59,"Producción de cemento, cal y yeso"
CIA MINERA CERRO NEGRO S A,2024,0.0,0.0,260.27,260.27,100.0,6,Minería
CIA MINERA DEL PACIFICO S.A.,2024,152.2444,705.67,623.5699999999999,1481.4843999999998,42.0908920809426,43,Minería
CIA MINERA DONA INES DE COLLAHUASI SCM,2024,0.0,502.385,0.0,502.385,0.0,2,Minería
CICLOMETAL CHILE SPA,2024,0.0,71.95,310.599,382.549,81.19195188067411,17,Comercio mayorista
CIMOLAI S.P.A AGENCIA EN CHILE,2024,3.34,0.0,0.0,3.34,0.0,1,Construcción
CINTAC S.A.I.C.,2024,6.27,0.0,1270.97,1277.24,99.5090977420062,14,Otras industrias manufactureras
CIRION TECHNOLOGIES CHILE SA.,2024,579.32,0.0,37.854,617.1740000000001,6.133440488419796,22,Otras actividades
CLINICA BUPA SANTIAGO S.A.,2024,0.0,69.5,0.0,69.5,0.0,12,Otras actividades
CLINICA SANTA MARIA SPA,2024,0.0,23.41,0.0,23.41,0.0,3,Otras actividades
CLUB DEPORTIVO UNIVERSIDAD CATOLICA DE CHILE,2024,44.301,0.0,2.71,47.011,5.764608283167768,13,Otras actividades
CMPC PULP SPA,2024,0.0,0.0,28.24,28.24,100.0,1,Industria del papel y celulosa
CMPC TISSUE S A,2024,8.64,11.195,0.0,19.835,0.0,2,Industria del papel y celulosa
"COBRA MONTAJES, SERVICIOS Y AGUA LIMITADA",2024,30.0,0.0,0.0,30.0,0.0,1,Construcción
CODELPA CHILE S.A.,2024,0.0,0.493,0.0,0.493,0.0,1,"Industria química, de plástico y caucho"
COLADA CONTINUA CHILENA SA,2024,0.0,0.0,52.31,52.31,100.0,16,Otras industrias manufactureras
COLBUN S A,2024,0.0,2.78,85.529,88.309,96.85196299357936,8,Otras centrales de generación eléctrica
COMERCIAL & LOGISTICA GENERAL S A,2024,148.548,2.29,1.917,152.755,1.2549507381100455,12,Otras actividades
COMERCIAL FLOSAM SPA,2024,7.73,0.0,0.0,7.73,0.0,2,Construcción
COMERCIAL GRUPOREVEX SPA,2024,48.269999999999996,0.0,0.0,48.269999999999996,0.0,12,Otras industrias manufactureras
COMERCIAL K LIMITADA,2024,1496.188,0.0,0.0,1496.188,0.0,14,Construcción
COMERCIALIZADORA VACOR LIMITADA,2024,0.0,0.0,11.5665,11.5665,100.0,8,Gestores de residuos
COMERCIALIZADORA Y DISTRIBUIDORA HOHE S.A.,2024,5.35,0.0,0.0,5.35,0.0,15,Otras actividades
COMPANIA GENERAL DE ELECTRICIDAD S.A.,2024,1017.02,2.98,19.793,1039.793,1.9035519569760522,103,Otras actividades
COMPLEJO METALURGICO ALTONORTE SA,2024,0.0,2479.69,0.0,2479.69,0.0,9,Otras industrias manufactureras
COMUNIDAD EDIFICIO TORRE BADAJOZ,2024,0.0,0.031,0.0,0.031,0.0,1,Otras actividades
CONSORCIO DE SALUD SANTIAGO ORIENTE S.A. SOCIEDAD CONCESIONARIA,2024,17058.56,0.0,0.0,17058.56,0.0,33,Construcción
CONSORCIO ICAFAL - L Y D S.A..,2024,9490.83,0.0,0.0,9490.83,0.0,21,Construcción
CONSORCIO ICAFAL - L Y D SPA,2024,135.72,0.0,0.0,135.72,0.0,5,Construcción
CONSORCIO NADIC S.A.,2024,1041.868,0.0,0.0,1041.868,0.0,23,Construcción
CONSTR ANDRES BASCUNAN ESPINEIRA Y CIA  LTDA,2024,846.53,0.0,0.0,846.53,0.0,11,Construcción
CONSTRUCCIONES URALES CHILE S.A,2024,238.18399999999997,0.0,0.0,238.18399999999997,0.0,4,Construcción
CONSTRUCTORA ALFREDO JARA Y COMPANIA S.A.,2024,1418.428,0.0,0.0,1418.428,0.0,43,Construcción
CONSTRUCTORA ALMAGRO S A,2024,2980.66,0.0,0.0,2980.66,0.0,39,Construcción
CONSTRUCTORA ASFALCURA SPA,2024,31.32,0.0,0.0,31.32,0.0,1,Otras industrias manufactureras
CONSTRUCTORA BRISAS DE BATUCO S.A.,2024,2459.0,0.0,0.0,2459.0,0.0,11,Construcción
CONSTRUCTORA CALAN SPA,2024,140.07,0.0,0.0,140.07,0.0,3,Construcción
CONSTRUCTORA CARRAN S A,2024,543.05,0.0,0.0,543.05,0.0,7,Otras actividades
CONSTRUCTORA CONCRETA S A,2024,939.0,0.0,0.0,939.0,0.0,5,Construcción
CONSTRUCTORA CONCRETA SPA,2024,4018.86,0.0,0.0,4018.86,0.0,31,Construcción
CONSTRUCTORA COSTA SUR LIMITADA,2024,82.32,0.0,0.0,82.32,0.0,7,Construcción
CONSTRUCTORA DE PAVIMENTOS ASFALTICOS BITUMIX S.A,2024,1238.4,4.84,6.96,1250.2,0.5567109262517996,6,Otras industrias manufactureras
CONSTRUCTORA DE VICENTE SA,2024,204.0,0.0,0.0,204.0,0.0,2,Construcción
CONSTRUCTORA E INMOBILIARIA PRESIDENTE RIESCO S.A.,2024,3424.23,0.0,0.0,3424.23,0.0,20,Otras actividades
CONSTRUCTORA ECHEVERRIA IZQUIERDO SPA,2024,4514.97,0.0,0.0,4514.97,0.0,29,Construcción
CONSTRUCTORA ELISUR  SPA,2024,178.5,0.0,0.0,178.5,0.0,3,Construcción
CONSTRUCTORA GRUPO COLOSO LIMITADA,2024,94.35,0.0,0.0,94.35,0.0,3,Construcción
CONSTRUCTORA INMOBILIARIA E INVERSIONES OVAL LIMITADA,2024,16205.455,0.0,0.0,16205.455,0.0,44,Construcción
CONSTRUCTORA L Y D S A,2024,2587.89842,0.0,0.0,2587.89842,0.0,54,Construcción
CONSTRUCTORA LONDRES LIMITADA,2024,1776.389,0.0,0.0,1776.389,0.0,7,Construcción
CONSTRUCTORA MARGA MARGA SPA,2024,220.0,0.0,0.0,220.0,0.0,2,Construcción
CONSTRUCTORA NOVAL LIMITADA,2024,2427.86,0.0,0.0,2427.86,0.0,21,Construcción
CONSTRUCTORA NOVATEC EDIFICIOS S.A.,2024,31.32,0.0,0.0,31.32,0.0,2,Construcción
CONSTRUCTORA NOVATEC S.A.,2024,3952.31178,0.0,1.879,3954.19078,0.047519204422402705,21,Construcción
CONSTRUCTORA NUEVA QUILICURA SPA,2024,108.09,0.0,0.0,108.09,0.0,2,Construcción
CONSTRUCTORA PACAL S A,2024,30.0,0.0,0.0,30.0,0.0,2,Construcción
CONSTRUCTORA PAZ SPA,2024,2118.45,0.0,0.0,2118.45,0.0,12,Otras actividades
CONSTRUCTORA POCURO SPA,2024,6867.21,0.0,5.27,6872.4800000000005,0.07668265313249364,28,Construcción
CONSTRUCTORA SEPCO S.A.,2024,186.18,0.0,0.0,186.18,0.0,1,Construcción
CONSTRUCTORA VIVE SOCIAL SPA,2024,43.5,0.0,0.0,43.5,0.0,1,Construcción
CONSTRUMART S.A.,2024,59.629999999999995,0.0,0.0,59.629999999999995,0.0,2,Comercio minorista
CONTENEDORES PATAGONIA SPA,2024,0.0,0.0,17.29,17.29,100.0,8,Otras actividades
COOP AGRICOLA Y LECHERA DE LA UNION LTDA,2024,2690.01,0.0,0.0,2690.01,0.0,3,Otras industrias manufactureras
CORCOVADO DE VERANO SPA,2024,0.26,0.0,0.0,0.26,0.0,1,Otras centrales de generación eléctrica
CORP DE AYUDA A LA FAMILIA DE CARABINEROS DE CHILE,2024,341.95,0.0,0.0,341.95,0.0,2,Otras actividades
CORP NACIONAL DEL COBRE DE CHILE,2024,2.09,1667.3100000000002,13718.71,15388.109999999999,89.15136426760661,21,Minería
CORP TECNICA DE FLUIDOS S A,2024,3.06,0.349,11.75,15.158999999999999,77.51170921564747,25,Comercio mayorista
COTELSA S.A.,2024,0.0,0.0,1.2,1.2,100.0,1,Industria de la madera y silvicultura
CRISTALERIAS DE CHILE S A,2024,285.65999999999997,0.0,273.61,559.27,48.9227028090189,13,Otras industrias manufactureras
CRISTALERIAS TORO SPA,2024,261.73,0.0,76.72,338.45000000000005,22.668045501551187,26,Otras industrias manufactureras
CRUZADOS SADP,2024,4916.22,0.0,94.998,5011.218,1.8957067922409285,33,Comercio minorista
DAVID BROWN SANTASALO SOUTH AMERICA S.A.,2024,0.0,17.07,4.49,21.560000000000002,20.82560296846011,2,Otras industrias manufactureras
DELABASE GOYCOLEA SPA,2024,180.018,0.0,0.0,180.018,0.0,8,Construcción
DELGADO S.A.,2024,200.0,0.0,0.0,200.0,0.0,11,Otras industrias manufactureras
DEMO CONSTRUCCIONES  S. A.,2024,24145.464500000002,0.0,0.0,24145.464500000002,0.0,82,Construcción
DERCO SPA,2024,0.0,118.666,31.842,150.50799999999998,21.156350492997053,19,Ventas y mantención de vehículos automotores
DERCOMAQ SPA,2024,0.0,35.421,7.058,42.479,16.615268721015088,13,Ventas y mantención de vehículos automotores
DESARROLLO INMOBILIARIO EJERCITO LIBERTADOR SPA,2024,39.15,0.0,0.0,39.15,0.0,1,Construcción
DESARROLLOS CONSTRUCTIVOS AXIS S A,2024,560.51,0.0,1.6340000000000001,562.144,0.2906728525075426,17,Construcción
DHL SUPPLY CHAIN CHILE S.A,2024,0.0,0.6367,15.4878,16.1245,96.05135042947067,6,Otras actividades
DIANA SOLAR SPA,2024,0.31,0.0,0.0,0.31,0.0,1,Otras centrales de generación eléctrica
DIAZ CUMSILLE INGENIERIA Y CONSTRUCCION S.A.,2024,3033.996,0.0,0.0,3033.996,0.0,11,Construcción
DICTUC S.A.,2024,90.0,0.0,0.0,90.0,0.0,7,Otras actividades
DIGITAL HOLDINGS CHILE SPA,2024,660.3299999999999,0.0,0.0,660.3299999999999,0.0,15,Otras actividades
DISTRIBUIDORA CUMMINS CHILE S A,2024,0.0,270.08,0.0,270.08,0.0,11,Comercio mayorista
DISTRIBUIDORA PORTLAND S A,2024,0.0,3.72,0.0,3.72,0.0,1,Comercio mayorista
DONA ANTONIA SOLAR SPA,2024,0.0,57.88,0.0,57.88,0.0,1,Otras centrales de generación eléctrica
EATON INDUSTRIES (CHILE) SPA,2024,36.91,0.0,0.0,36.91,0.0,11,Otras industrias manufactureras
EBCO S.A.,2024,19302.3057,12.18,2.34,19316.8257,0.012113791553236409,175,Construcción
ECOAZA SPA,2024,0.0,0.0,3021.15,3021.15,100.0,12,Gestores de residuos
ECOLAB SPA,2024,2.53,0.0,0.0,2.53,0.0,1,"Industria química, de plástico y caucho"
ECOMET S A,2024,0.044270000000000004,0.0,0.0,0.044270000000000004,0.0,7,Otras industrias manufactureras
ELECTROLUX DE CHILE S.A.,2024,194.25,0.0,0.0,194.25,0.0,13,Otras industrias manufactureras
ELEMENTO SPA,2024,9.57,0.0,0.0,9.57,0.0,1,Construcción
EMBALAJES INDUSTRIALES ARAYA LIMITADA,2024,0.0,0.0,14.11,14.11,100.0,4,Industria de la madera y silvicultura
EMBOTELLADORA ANDINA CHILE S.A.,2024,3.11,0.0,0.0,3.11,0.0,1,Otras actividades
EMBOTELLADORA ANDINA S A,2024,223.615,0.0,0.0,223.615,0.0,5,Otras industrias manufactureras
EMBOTELLADORA METROPOLITANA S.A.,2024,3.766,0.0,27.694,31.46,88.02924348378893,17,Otras industrias manufactureras
EMBOTELLADORAS CHILENAS UNIDAS S.A,2024,1702.4540000000002,0.74,0.0,1703.1940000000002,0.0,25,Otras industrias manufactureras
EMPRESA CONSTRUCTORA MENA Y OVALLE S A,2024,8768.51,0.0,0.0,8768.51,0.0,19,Construcción
EMPRESA CONSTRUCTORA ORMUZ LIMITADA,2024,99.0,0.0,0.0,99.0,0.0,1,Construcción
EMPRESA DE AGUA POTABLE IZARRA DE LO AGUIRRE S A,2024,8.11,0.0,0.0,8.11,0.0,1,"Captación, tratamiento y distribución de agua"
EMPRESA DE LOS FERROCARRILES DEL ESTADO,2024,8327.967,0.0,365.523,8693.49,4.204559963835008,69,Otras actividades
EMPRESA DE TRANSPORTE DE PASAJEROS METRO S A,2024,48273.12,1.5999999999999999,197.96519999999998,48472.6852,0.40840568081423306,223,Otras actividades
EMPRESA ELECTRICA CAMPICHE SPA,2024,9.905,0.0,11.185,21.09,53.03461356092936,7,Termoeléctricas
EMPRESA ELECTRICA PUENTE ALTO S.A.,2024,254.92,0.0,0.0,254.92,0.0,6,Otras actividades
EMPRESA ELECTRICA VENTANAS SPA,2024,9.905,0.0,11.185,21.09,53.03461356092936,7,Termoeléctricas
EMPRESA NACIONAL DE ENERGIA ENEX S.A.,2024,0.0,0.0,10.38,10.38,100.0,2,Refinería de petróleo
EMPRESA NACIONAL DE MINERIA,2024,0.0,486.74,48.55,535.29,9.069849987857049,2,Otras industrias manufactureras
EMPRESAS GASCO S.A.,2024,427.35,0.0,2.134,429.48400000000004,0.4968753201516237,9,Otras actividades
ENAP REFINERIAS S A,2024,3013.64,0.0,316.73,3330.37,9.510354705333041,11,Comercio mayorista
ENEL DISTRIBUCION CHILE S.A.,2024,29441.761,0.864,358.124,29800.749,1.2017281847513297,172,Otras actividades
ENEL GENERACION CHILE S.A.,2024,0.0,0.0,780.0,780.0,100.0,1,Otras centrales de generación eléctrica
ENEL GREEN POWER CHILE SA,2024,211.645035,25.077,0.0,236.722035,0.0,20,Otras centrales de generación eléctrica
ENVASES CENTRAL S A,2024,0.0,485.392,0.0,485.392,0.0,12,Otras industrias manufactureras
ENVASES CMF SOCIEDAD ANONIMA,2024,11.92,0.0,0.0,11.92,0.0,2,"Industria química, de plástico y caucho"
ENVASES IMPRESOS CORDILLERA SPA,2024,52.67,0.0,0.0,52.67,0.0,12,Industria del papel y celulosa
ENVASES Y LITOGRAFIA AGUILA S.A.,2024,0.0,0.0,35.76318,35.76318,100.0,10,Otras industrias manufactureras
EPAV S.A.,2024,32.46,0.0,0.0,32.46,0.0,8,Construcción
ESCO ELECMETAL FUNDICION LIMITADA,2024,3.74,0.0,0.0,3.74,0.0,1,Otras industrias manufactureras
ESSITY CHILE S.A.,2024,3.27,0.0,0.0,3.27,0.0,1,Industria del papel y celulosa
EUROCORP DOS S.A.,2024,2760.76,0.0,0.0,2760.76,0.0,22,Construcción
EVERCRISP SNACK PRODUCTOS DE CHILE S A,2024,0.0,0.0,7.300000000000001,7.300000000000001,100.0,3,Otras industrias manufactureras
FABRICACION VISTALIBRE LIMITADA,2024,0.0,0.0,4.503,4.503,100.0,4,Otras industrias manufactureras
FABRICACIONES METALICAS CONTAINERLAND LIMITADA,2024,151.59,0.0,0.0,151.59,0.0,12,Otras industrias manufactureras
FALABELLA INMOBILIARIO S.A,2024,7.0,0.0,0.0,7.0,0.0,1,Otras actividades
FAROL SOLAR SPA,2024,1.24,0.0,0.0,1.24,0.0,1,Otras centrales de generación eléctrica
FASTPACK S A,2024,0.0,0.135,0.0,0.135,0.0,3,Otras industrias manufactureras
FCA PAVIMENTOS Y REVESTIMIENTOS BUDNIK HNOS S A,2024,353.7,0.0,0.0,353.7,0.0,12,Otras industrias manufactureras
FERROCARRIL DE ANTOFAGASTA A BOLIVIA,2024,51.68,0.0,0.0,51.68,0.0,11,Otras actividades
FIBRA INGENIERIA Y CONSTRUCCION SPA,2024,0.0,0.0,17.07,17.07,100.0,3,"Industria química, de plástico y caucho"
FIBROCEMENTOS VOLCAN LIMITADA,2024,3776.1169999999997,0.0,0.0,3776.1169999999997,0.0,24,Otras industrias manufactureras
FIEFRE S.A,2024,63.120000000000005,0.0,0.0,63.120000000000005,0.0,4,Otras industrias manufactureras
FLESAN ANCLAJES S.A.,2024,0.0,0.0,0.034,0.034,100.0,1,Construcción
FLEX EQUIPOS DE DESCANSO CHILE LIMITADA,2024,0.0,5.38,0.0,5.38,0.0,1,Otras industrias manufactureras
FLSMIDTH S.A.,2024,0.0,0.0,2.69,2.69,100.0,2,Otras actividades
FRANCISCO HUENCHUNIR DIAZ,2024,280.47,0.0,0.0,280.47,0.0,4,Construcción
FREYSSINET CHILE SPA,2024,748.9699999999999,0.0,0.0,748.9699999999999,0.0,10,Construcción
FUCHS GELLONA Y SILVA S A,2024,4601.43,0.0,13.049999999999999,4614.4800000000005,0.28280542986425333,46,Construcción
FUCHS GELLONA Y SILVA SPA,2024,1744.7849999999999,0.0,0.0,1744.7849999999999,0.0,10,Construcción
FUND INSTITUTO PROFESIONAL DUOC UC,2024,143.23,78.17,0.0,221.39999999999998,0.0,18,Otras actividades
FUNDACION INVICA,2024,688.17,0.0,0.0,688.17,0.0,4,Otras actividades
GASCO GLP S A,2024,179.25,147.70999999999998,1145.27,1472.23,77.79151355426801,26,Comercio mayorista
GASVALPO SPA,2024,0.0,3.153,0.0,3.153,0.0,1,Otras actividades
GENERADORA CAIMANES SPA,2024,26.599999999999998,0.0,0.0,26.599999999999998,0.0,4,Otras centrales de generación eléctrica
GENERADORA METROPOLITANA SPA,2024,156.5,12.0,1.8,170.3,1.0569583088667058,19,Termoeléctricas
GESPANIA CONSTRUCTORA S.A.,2024,1292.7,0.94,0.0,1293.64,0.0,10,Construcción
GESTION INTEGRAL DE RESIDUOS GEOBARRA EXINS S.A.,2024,5930.619,27.24,500.17,6458.0289999999995,7.74493270315138,42,Gestores de residuos
GNL QUINTERO SA,2024,35.3416,0.0,0.0,35.3416,0.0,12,Otras actividades
GOODYEAR DE CHILE S A I C,2024,0.0,47.235,87.144,134.37900000000002,64.84941843591632,16,"Industria química, de plástico y caucho"
GS EXPORTACIONES SOCIEDAD ANONIMA,2024,23.84,0.0,0.0,23.84,0.0,3,Gestores de residuos
GUALLATIRI SPA,2024,6.25,0.0,0.0,6.25,0.0,4,Otras centrales de generación eléctrica
GUILLERMO CELENTANO CONTENEDORES PATAGONIA E.I.R.L,2024,0.0,0.0,5.39,5.39,100.0,1,Otras actividades
GUZMAN Y LARRAIN VIVIENDAS ECONOMICAS SPA,2024,167.08,0.0,17.18,184.26000000000002,9.323781612938237,14,Construcción
HARTING LIMITADA,2024,20.7499,0.0,0.0,20.7499,0.0,23,"Industria química, de plástico y caucho"
HILTI CHILE LIMITADA,2024,0.0,6.3629999999999995,0.0,6.3629999999999995,0.0,4,Otras actividades
HORMIGONES BICENTENARIO S.A.,2024,42180.46,0.0,0.0,42180.46,0.0,14,Otras industrias manufactureras
HORMISUR INEIN S A,2024,240.0,0.0,0.0,240.0,0.0,2,Construcción
HOSPITAL CLINICO METROPOLITANO DE LA FLORIDA DOCTORA ELOISA DIAZ,2024,13.719999999999999,0.0,0.0,13.719999999999999,0.0,2,Otras actividades
HUAWEI (CHILE) S.A.,2024,0.0,11.75274,0.0,11.75274,0.0,13,Otras actividades
HUNTER DOUGLAS CHILE S A,2024,0.0,0.0,506.76,506.76,100.0,21,Otras industrias manufactureras
IBM DE CHILE S A C,2024,0.0,0.456,0.0,0.456,0.0,7,Otras actividades
ICAFAL INGENIERIA Y CONSTRUCCION S A,2024,40579.12,173.97,12.65,40765.740000000005,0.031030958839456856,37,Construcción
ICITY SPA,2024,118.89,0.0,0.0,118.89,0.0,11,Construcción
ICONEX (CHILE) SPA,2024,0.0,0.398,0.0,0.398,0.0,2,Otras industrias manufactureras
IDEA INVERSIONES INMOBILIARIAS SEIS SPA,2024,9576.5,0.0,0.0,9576.5,0.0,35,Construcción
IDEA INVERSIONES INMOBILIARIAS TRES S.A.,2024,2419.0,0.0,0.0,2419.0,0.0,14,Construcción
ILUMINACION Y PAISAJE LIMITADA,2024,3.4935,0.0,0.0,3.4935,0.0,2,Construcción
IMIFLEX SPA,2024,0.0,0.0,40.059999999999995,40.059999999999995,100.0,9,"Industria química, de plástico y caucho"
IMPORTADORA CAFE DO BRASIL S A,2024,0.0,3.84,0.0,3.84,0.0,1,Otras industrias manufactureras
IMPORTADORA DE REPUESTOS BRASIL LTDA,2024,0.0,0.0,2.295,2.295,100.0,2,Ventas y mantención de vehículos automotores
INDUSTRIA DE ALIMENTOS TRENDY S A,2024,1.11,0.0,0.0,1.11,0.0,1,Otras industrias manufactureras
INDUSTRIA DE TUBOS Y PREFABRICADOS DE HORMIGON BUDNIK S A,2024,87.0,0.0,0.0,87.0,0.0,5,Otras industrias manufactureras
INDUSTRIA METALURGICA URSUS TROTTER S A,2024,0.0,0.0,84.001,84.001,100.0,10,Otras industrias manufactureras
INDUSTRIAL OCHAGAVIA LIMITADA,2024,13.84,0.0,0.0,13.84,0.0,4,Otras industrias manufactureras
INDUSTRIAS CERESITA S A,2024,199.0365,5.55,5.83,210.4165,2.7706952639170406,20,"Industria química, de plástico y caucho"
INDUSTRIAS DE BALATAS SPA,2024,243.6,0.0,0.0,243.6,0.0,8,Otras industrias manufactureras
INES MATTE URREJOLA RENTA SPA,2024,4335.11,0.0,0.0,4335.11,0.0,12,Construcción
INMOB BBI SA,2024,1017.72,0.0,0.0,1017.72,0.0,7,Otras actividades
INMOB PLAZA CHACABUCO SA,2024,3320.79,0.0,6.525,3327.315,0.19610406589096616,32,Construcción
INMOBILIARIA ALTO HIPODROMO S.A.,2024,1782.63,0.0,66.64999999999999,1849.2800000000002,3.6041053815539015,21,Construcción
INMOBILIARIA ALTO LA CRUZ LIMITADA,2024,6879.16,0.0,0.0,6879.16,0.0,23,Otras actividades
INMOBILIARIA AMERICO VESPUCIO 4641 S A,2024,3260.0,0.0,0.0,3260.0,0.0,4,Otras actividades
INMOBILIARIA ANDES SPA,2024,26.1,0.0,0.0,26.1,0.0,1,Otras actividades
INMOBILIARIA ARBOLEDA SPA,2024,35449.89,0.0,0.0,35449.89,0.0,9,Otras actividades
INMOBILIARIA ARGOMEDO SPA,2024,231.0,0.0,0.0,231.0,0.0,1,Otras actividades
INMOBILIARIA ARRAYAN SPA,2024,1178.31,0.0,4.874,1183.184,0.4119393095241315,17,Otras actividades
INMOBILIARIA BARRIO PARQUE SANTIAGO SPA,2024,1706.0,0.0,0.0,1706.0,0.0,10,Otras actividades
INMOBILIARIA BE SMART SAN MIGUEL SPA,2024,60.9,0.0,0.0,60.9,0.0,3,Otras actividades
INMOBILIARIA BILBAO SPA,2024,54.81,0.0,0.0,54.81,0.0,1,Construcción
INMOBILIARIA BROWN SUR SPA,2024,183.57,0.0,0.0,183.57,0.0,2,Otras actividades
INMOBILIARIA BUSTAMANTE SPA,2024,2351.61,0.0,0.0,2351.61,0.0,12,Otras actividades
INMOBILIARIA BUZETA SPA,2024,385.2,0.0,0.0,385.2,0.0,2,Otras actividades
INMOBILIARIA CAPITAN ORELLA DOS SPA,2024,1852.23,0.0,0.0,1852.23,0.0,18,Construcción
INMOBILIARIA CELIA SOLAR SPA,2024,1632.07,0.0,31.86,1663.9299999999998,1.9147440096638682,21,Otras actividades
INMOBILIARIA CLARO DECOMBE SPA,2024,81.0,0.0,0.0,81.0,0.0,1,Construcción
INMOBILIARIA CLUB PY CATALINA S A,2024,18.33,0.0,0.0,18.33,0.0,1,Otras actividades
INMOBILIARIA COLOSO VICUNA MACKENNA LIMITADA,2024,2928.42,0.0,0.0,2928.42,0.0,8,Construcción
INMOBILIARIA CONCHALI UNO SPA,2024,3142.35399999999,0.0,0.0,3142.35399999999,0.0,14,Construcción
INMOBILIARIA CONTIGO 1 SPA,2024,1131.87,0.0,0.0,1131.87,0.0,8,Otras actividades
INMOBILIARIA CUMMING SPA,2024,672.678,3.5719999999999996,0.0,676.25,0.0,13,Otras actividades
INMOBILIARIA DACNA LIMITADA,2024,411.26,0.0,0.0,411.26,0.0,5,Otras actividades
INMOBILIARIA DOMEYKO SPA,2024,4166.39,0.0,12.1184,4178.508400000001,0.29001736600553435,35,Otras actividades
INMOBILIARIA DON VICENTE TRES SPA,2024,1368.0,0.0,0.0,1368.0,0.0,12,Otras actividades
INMOBILIARIA E INVERSIONES LOJA V SPA,2024,3094.85016,0.0,0.0,3094.85016,0.0,13,Construcción
INMOBILIARIA EDIFICIOS DE HACIENDA SPA,2024,3875.85,0.0,7.92,3883.77,0.2039255671679837,22,Otras actividades
INMOBILIARIA EJERCITO SPA,2024,1614.496,0.0,0.0,1614.496,0.0,14,Otras actividades
INMOBILIARIA EL ALBA DE VALLE GRANDE III SPA,2024,614.0,0.0,0.0,614.0,0.0,7,Otras actividades
INMOBILIARIA ESQUEMA SPA,2024,770.0,0.0,0.0,770.0,0.0,9,Otras actividades
INMOBILIARIA EXEQUIEL FERNANDEZ SPA,2024,2020.318,0.0,0.0,2020.318,0.0,16,Construcción
INMOBILIARIA FP 75 SPA,2024,3492.81,0.0,0.0,3492.81,0.0,12,Otras actividades
INMOBILIARIA GIMAX 74 SPA,2024,263.61,0.0,0.0,263.61,0.0,1,Otras actividades
INMOBILIARIA GPR LAS CANAS LIMITADA,2024,1015.5999999999999,0.0,0.0,1015.5999999999999,0.0,13,Construcción
INMOBILIARIA GRUPO SANTOLAYA LIMITADA,2024,1095.534,0.0,0.0,1095.534,0.0,3,Construcción
INMOBILIARIA GUILLERMO MANN SPA,2024,5715.59,0.0,0.0,5715.59,0.0,23,Construcción
INMOBILIARIA HUECHURABA LTDA,2024,999.0640000000001,0.0,0.0,999.0640000000001,0.0,5,Construcción
INMOBILIARIA JOFRE SPA,2024,1528.5900000000001,0.0,0.0,1528.5900000000001,0.0,17,Otras actividades
INMOBILIARIA LA CISTERNA SPA,2024,2562.0,0.0,29.77,2591.77,1.148635874325268,4,Otras actividades
INMOBILIARIA LA ESMERALDA SPA,2024,2463.84,0.0,9.862,2473.702,0.39867372868680223,20,Otras actividades
INMOBILIARIA LA PIRAMIDE SPA,2024,1768.71,0.0,0.0,1768.71,0.0,10,Construcción
INMOBILIARIA LAMPA ORIENTE S.A.,2024,2120.0,0.0,0.0,2120.0,0.0,9,Construcción
INMOBILIARIA LAS CONDES 10800 SPA,2024,566.22,0.0,0.0,566.22,0.0,6,Otras actividades
INMOBILIARIA LAS ENCINAS DE PENALOLEN S A,2024,3468.9900000000002,0.15,0.42,3469.5600000000004,0.012105281361325352,23,Construcción
INMOBILIARIA LAS HUALTATAS SPA,2024,186.3,0.0,0.0,186.3,0.0,1,Otras actividades
INMOBILIARIA LEBEN CAPITANES SPA,2024,54.81,0.0,0.0,54.81,0.0,1,Otras actividades
INMOBILIARIA LIRA SPA,2024,731.6700000000001,0.0,0.0,731.6700000000001,0.0,10,Otras actividades
INMOBILIARIA LOMAS DE ASIS LIMITADA,2024,2654.37,0.0,0.0,2654.37,0.0,11,Otras actividades
INMOBILIARIA LOS ALERCES 2222 SPA,2024,216.0,0.0,0.0,216.0,0.0,4,Otras actividades
INMOBILIARIA LOS HUIQUES SPA,2024,655.0,2.41,8.73,666.14,1.3105353229050951,10,Otras actividades
INMOBILIARIA LOS JARDINES DE CERRILLOS SPA,2024,1031.93,0.0,0.0,1031.93,0.0,8,Otras actividades
INMOBILIARIA LOS MONTES SPA,2024,113.10000000000001,0.0,0.0,113.10000000000001,0.0,3,Otras actividades
INMOBILIARIA LOS ROBLES SPA,2024,163.56,0.0,0.0,163.56,0.0,2,Otras actividades
INMOBILIARIA LOS SACRAMENTINOS S A,2024,387.0,0.0,0.0,387.0,0.0,8,Otras actividades
INMOBILIARIA MALBEC SPA,2024,1957.5,0.0,17.039,1974.539,0.8629356016771511,28,Otras actividades
INMOBILIARIA MATTA SPA,2024,459.36,0.0,1.4,460.76,0.3038458199496484,7,Otras actividades
INMOBILIARIA MILLENIUM LIMITADA,2024,0.0,0.0,5.1,5.1,100.0,1,Construcción
INMOBILIARIA MIRADOR AZUL UNO SPA,2024,250.43,0.0,0.0,250.43,0.0,3,Otras actividades
INMOBILIARIA MIRADOR DEL CARMEN SPA,2024,157.47,0.0,0.0,157.47,0.0,2,Otras actividades
INMOBILIARIA MONSENOR EYZAGUIRRE II SPA,2024,281.56,0.0,0.0,281.56,0.0,4,Otras actividades
INMOBILIARIA NUCLEO CANDELARIA 2 S.A.,2024,860.58,0.0,0.0,860.58,0.0,9,Otras actividades
INMOBILIARIA NUEVA QUILICURA LIMITADA,2024,1447.366,0.0,0.0,1447.366,0.0,7,Otras actividades
INMOBILIARIA NUEVOS DESARROLLOS TRES SPA,2024,234.0,0.0,0.0,234.0,0.0,2,Construcción
INMOBILIARIA OLIVARES SPA,2024,608.0,0.0,0.0,608.0,0.0,9,Otras actividades
INMOBILIARIA PASEO PANAMERICANO SPA,2024,98.76599999999999,0.0,0.0,98.76599999999999,0.0,3,Construcción
INMOBILIARIA PATAGONIA S.A.,2024,4284.786,9.83,4.09,4298.706,0.09514491104997644,21,Otras actividades
INMOBILIARIA PAULONIA SPA,2024,1574.56,0.0,0.0,1574.56,0.0,8,Otras actividades
INMOBILIARIA PAZ SPA,2024,11870.88129,0.0,0.0,11870.88129,0.0,45,Construcción
INMOBILIARIA PDV 70 SPA,2024,341.03999999999996,0.0,0.0,341.03999999999996,0.0,5,Otras actividades
INMOBILIARIA PEDRO DE ONA SPA,2024,311.0,0.0,0.0,311.0,0.0,2,Otras actividades
INMOBILIARIA PEDRO TORRES SPA,2024,1566.0,0.0,0.0,1566.0,0.0,14,Otras actividades
INMOBILIARIA PEZOA SPA,2024,1053.0,0.0,0.0,1053.0,0.0,10,Otras actividades
INMOBILIARIA PIE ANDINO UNO SPA,2024,6440.0,0.0,0.0,6440.0,0.0,15,Otras actividades
INMOBILIARIA PILARES S.A.,2024,6487.187,5.3,0.0,6492.487,0.0,28,Construcción
INMOBILIARIA PK 67 S A,2024,31.32,0.0,0.0,31.32,0.0,1,Construcción
INMOBILIARIA PLAZA PROVIDENCIA SPA,2024,218.60000000000002,0.0,0.0,218.60000000000002,0.0,2,Construcción
INMOBILIARIA PUENTE LIMITADA,2024,230.0,0.0,0.0,230.0,0.0,5,Otras actividades
INMOBILIARIA PY S A,2024,5645.074,0.0,0.0,5645.074,0.0,21,Otras actividades
INMOBILIARIA QUEBRADA CLARA SPA,2024,1049.216,0.0,0.0,1049.216,0.0,13,Construcción
INMOBILIARIA QUINCHAMALI SPA,2024,346.0,0.0,0.0,346.0,0.0,5,Otras actividades
INMOBILIARIA RDG MANUEL RODRIGUEZ SPA,2024,1022.76,0.0,0.0,1022.76,0.0,7,Otras actividades
INMOBILIARIA RENTA LOS MILITARES SPA,2024,1.86,0.0,0.0,1.86,0.0,15,Construcción
INMOBILIARIA RENTAS SOUPER SPA,2024,125.28,0.0,0.0,125.28,0.0,4,Otras actividades
INMOBILIARIA RESERVA URBANA S.A.,2024,504.15,0.0,0.0,504.15,0.0,5,Otras actividades
INMOBILIARIA RIVAS S.A.,2024,1212.0,0.0,0.0,1212.0,0.0,13,Otras actividades
INMOBILIARIA ROMAN DIAZ SPA,2024,132.24,0.0,0.0,132.24,0.0,3,Otras actividades
INMOBILIARIA RUTA DESARROLLO DOS SPA,2024,54.81,0.0,0.0,54.81,0.0,1,Otras actividades
INMOBILIARIA RUTA DESARROLLO SEIS SPA,2024,7.83,0.0,5.5,13.33,41.26031507876969,3,Otras actividades
INMOBILIARIA SAN ANDRES SPA,2024,257.52,0.0,0.0,257.52,0.0,2,Otras actividades
INMOBILIARIA SAN EUGENIO SPA,2024,2702.0,0.0,0.0,2702.0,0.0,11,Otras actividades
INMOBILIARIA SAN ISIDRO SPA,2024,2478.21,0.0,0.0,2478.21,0.0,21,Otras actividades
INMOBILIARIA SAN JOSE SEIS SPA,2024,4133.0,0.0,0.0,4133.0,0.0,12,Otras actividades
INMOBILIARIA SAN MARTIN SPA,2024,1891.38,0.0,0.0,1891.38,0.0,11,Otras actividades
INMOBILIARIA SANTA FILOMENA ETAPA II SPA,2024,0.0,0.0,0.6,0.6,100.0,1,Otras actividades
INMOBILIARIA SANTA MACARENA SPA,2024,0.0,0.0,27.36,27.36,100.0,5,Construcción
INMOBILIARIA SANTO DOMINGO SPA,2024,76.56,0.0,0.0,76.56,0.0,3,Otras actividades
INMOBILIARIA SOCOVESA SANTIAGO S A,2024,0.0,0.0,7.51,7.51,100.0,1,Construcción
INMOBILIARIA TERRAFIRME X SPA,2024,2394.24,0.0,0.0,2394.24,0.0,15,Otras actividades
INMOBILIARIA TERRAFIRME XII SPA,2024,1682.58,0.0,0.0,1682.58,0.0,17,Otras actividades
INMOBILIARIA TERRAFIRME XIV SPA,2024,83.52,0.0,0.0,83.52,0.0,3,Construcción
INMOBILIARIA TORRE APOQUINDO SPA,2024,7045.97,0.0,0.0,7045.97,0.0,11,Otras actividades
INMOBILIARIA URBANO PARK SPA,2024,1853.18,0.0,0.0,1853.18,0.0,12,Construcción
INMOBILIARIA URZUA SPA,2024,212.28,0.0,0.0,212.28,0.0,4,Otras actividades
INMOBILIARIA VALDIVIA UNO SPA,2024,195.75,0.0,0.0,195.75,0.0,1,Otras actividades
INMOBILIARIA VILENA S.A.,2024,867.39,0.41,0.0,867.8,0.0,9,Otras actividades
INMOBILIARIA VIVIENDAS 2000 SPA,2024,2843.18,0.0,0.0,2843.18,0.0,11,Construcción
INMOBILIARIA VIVO SANTIAGO SPA,2024,10.0,0.0,0.0,10.0,0.0,1,Otras actividades
INMOBILIARIA WALKER MARTINEZ SPA,2024,394.65999999999997,0.0,0.0,394.65999999999997,0.0,4,Otras actividades
INMOBILIARIA Y CONSTRUCTORA DELABASE III S.A.,2024,120.0,0.0,0.0,120.0,0.0,9,Otras actividades
INMOBILIARIA Y CONSTRUCTORA DP SPA,2024,29.4,0.0,0.0,29.4,0.0,1,Construcción
INMOBILIARIA Y CONSTRUCTORA EL CERRO LIMITADA,2024,910.0,0.0,0.0,910.0,0.0,11,Construcción
INMOBILIARIA Y CONSTRUCTORA FRANCISCO DE RIVEROS SPA,2024,21.75,0.0,0.0,21.75,0.0,1,Otras actividades
INMOBILIARIA Y CONSTRUCTORA MONJITAS SPA,2024,106.0,0.0,0.0,106.0,0.0,4,Otras actividades
INMOBILIARIA Y CONSTRUCTORA PEBAL S.A,2024,159.84,0.0,0.0,159.84,0.0,6,Construcción
INMOBILIARIA Y DESARROLLADORA EL REMANSO SPA.,2024,1576.44,0.0,20.326,1596.766,1.272947946035925,33,Otras actividades
INSTAPANEL S.A.,2024,0.0,0.0,1200.38,1200.38,100.0,12,Otras industrias manufactureras
INSTITUTO NACIONAL DEL TORAX,2024,0.0,0.0,0.127,0.127,100.0,2,Otras actividades
INSTITUTO PROFESIONAL AIEP SPA,2024,28.71,7.3572999999999995,0.0,36.0673,0.0,5,Otras actividades
INTEGRALSTART  SPA,2024,0.0,0.0,0.74,0.74,100.0,1,Otras actividades
INTERMOB S A,2024,0.0,0.0,61.0,61.0,100.0,14,Otras industrias manufactureras
INTERNATIONAL PAPER CARTONES LIMITADA,2024,8.54,0.0,0.0,8.54,0.0,2,Industria del papel y celulosa
INVERSIONES ANCAR SPA,2024,203.13,0.0,0.0,203.13,0.0,3,Construcción
INVERSIONES CORMI LIMITADA,2024,0.0,0.0,141.08,141.08,100.0,15,Gestores de residuos
INVERSIONES E INMOBILIARIA PLAENGE CHILE LIMITADA,2024,732.54,0.0,0.0,732.54,0.0,8,Construcción
INVERSIONES E INMOBILIARIA TAORMINA SPA,2024,938.73,0.0,0.0,938.73,0.0,10,Otras actividades
ISA INMOBILIARIA S.A.,2024,78.64,0.0,0.0,78.64,0.0,3,Otras actividades
ITALMOD S A,2024,0.0,0.301,0.0,0.301,0.0,1,Comercio mayorista
JAVIERA SPA,2024,1.25,0.0,0.0,1.25,0.0,3,Otras centrales de generación eléctrica
JUAN ALFONSO INOSTROZA ABARCA,2024,0.0,109.87700000000001,72.437,182.31400000000002,39.732000833726424,16,Comercio mayorista
KOMATSU CUMMINS CHILE LIMITADA,2024,0.0,0.0,42.68,42.68,100.0,1,Otras actividades
KOMATSU REMAN CENTER CHILE S.A.,2024,0.0,5.31,0.0,5.31,0.0,1,Otras industrias manufactureras
KSB CHILE S A,2024,0.0,0.11800000000000001,9.41,9.528,98.7615449202351,5,Comercio mayorista
KYNDRYL CHILE SPA,2024,0.0,0.0116,0.0,0.0116,0.0,2,Otras actividades
LA ORACION SPA,2024,1832.1,0.0,0.0,1832.1,0.0,11,Otras actividades
LABORATORIO CHILE S A,2024,1.45,14.126000000000001,10.899999999999999,26.476,41.16936093065418,16,Otras industrias manufactureras
LABORATORIO DURANDIN SA,2024,128.0,0.0,0.0,128.0,0.0,12,"Industria química, de plástico y caucho"
LABORATORIO INTERNACIONAL PHARMACORP SBO SPA,2024,0.0,0.0,0.009,0.009,100.0,1,Otras actividades
LABORATORIO LIVIO BARNAFI S.A.,2024,281.88,0.0,0.0,281.88,0.0,5,Otras actividades
LABORATORIOS ANDROMACO S.A.,2024,409.67,0.612,0.0,410.28200000000004,0.0,15,Otras industrias manufactureras
LABORATORIOS PRATER S A,2024,32.48,0.0,0.0,32.48,0.0,8,Otras actividades
LAGUNA CENTRO 1 SPA,2024,800.0,0.0,0.0,800.0,0.0,9,Construcción
LASCAR ENERGY SPA,2024,39.48,0.0,0.0,39.48,0.0,9,Otras centrales de generación eléctrica
LATAM AIRLINES GROUP S.A.,2024,1541.57,0.0,0.0,1541.57,0.0,13,Otras actividades
LEVEL INGENIERÍA Y CONSTRUCCIÓN SPA,2024,1633.41,0.0,0.0,1633.41,0.0,15,Construcción
LINDE HIGH LIFT CHILE S A,2024,0.0,5.333,0.0,5.333,0.0,5,Otras actividades
LO ESPEJO DATA CENTER SPA,2024,0.0,0.1,0.0,0.1,0.0,1,Otras actividades
LUCCHETTI CHILE S.A,2024,69.31,0.0,0.0,69.31,0.0,14,Otras industrias manufactureras
MAESTRA BRISAS DE BIOBIO SA,2024,3540.0299999999997,0.0,0.0,3540.0299999999997,0.0,3,Construcción
MAESTRA CONSTRUCCION S.A.,2024,190.0,0.0,0.0,190.0,0.0,2,Construcción
MAESTRA SANTA ROSA SPA,2024,1326.87,0.0,0.0,1326.87,0.0,12,Construcción
MAESTRA VILLA ALEMANA S.A.,2024,640.0699999999999,0.0,0.0,640.0699999999999,0.0,7,Construcción
MAESTRA VIVIENDA S.A.,2024,1651.69,0.0,0.0,1651.69,0.0,11,Construcción
MAESTRANZA ACUNA SPA,2024,0.0,0.0,57.8,57.8,100.0,7,Otras industrias manufactureras
MAGOTTEAUX ANDINO S.A.,2024,1393.47,0.0,0.0,1393.47,0.0,4,Otras industrias manufactureras
MANANTIAL S A,2024,4.53,0.0,0.0,4.53,0.0,1,Otras industrias manufactureras
MANE CHILE SA,2024,0.0,0.0,0.14,0.14,100.0,2,"Industria química, de plástico y caucho"
MANQUEHUE GESTIÓN LIMITADA,2024,5548.20999998,2.8,78.95999986,5629.96999984,1.4024941493870124,50,Otras actividades
MANUEL DE LA CRUZ VALDERRAMA,2024,0.0,0.0,7.288,7.288,100.0,9,Comercio mayorista
MASISA S.A.,2024,0.0,0.03,0.0,0.03,0.0,1,Industria de la madera y silvicultura
MATRIZ IDEAS S A,2024,2.24,0.12,0.007,2.3670000000000004,0.29573299535276715,4,Comercio minorista
MAYR-MELNHOF PACKAGING MARINETTI LIMITADA,2024,0.0,0.21,0.0,0.21,0.0,1,Industria del papel y celulosa
MEDICAL INTERNATIONAL LABORATORIES CORPORATION SA,2024,0.0,0.008,0.0,0.008,0.0,2,Otras industrias manufactureras
MEDLOG CHILE S.A,2024,0.0,0.5501,0.0,0.5501,0.0,6,Otras actividades
MELON ARIDOS LIMITADA,2024,0.0,0.0,47.14,47.14,100.0,1,Minería
MELON HORMIGONES S.A.,2024,39471.74,0.0,0.0,39471.74,0.0,11,Otras industrias manufactureras
METALURGICA SILCOSIL SPA,2024,188.75,0.0,0.0,188.75,0.0,14,Otras industrias manufactureras
METROGAS S A,2024,26.34,8.667,94.462,129.469,72.96109493392241,19,Otras actividades
MIMET S. A.,2024,0.0,0.0,244.252,244.252,100.0,11,Otras industrias manufactureras
MINERA ANTUCOYA,2024,0.0,0.0,43.5,43.5,100.0,1,Minería
MINERA ESCONDIDA LIMITADA,2024,0.0,0.0,17831.557,17831.557,100.0,12,Minería
MINERA FLORIDA LIMITADA,2024,3.71,0.0,16.32,20.03,81.47778332501248,3,Minería
MINERA HMC S.A.,2024,16.92,0.0,0.0,16.92,0.0,5,Minería
MINERA LOS PELAMBRES,2024,101.28,0.0,0.0,101.28,0.0,4,Minería
MINERA MELON S.A.,2024,0.15,0.0,2.16,2.31,93.50649350649351,3,Minería
MINERA SPENCE S.A.,2024,0.0,0.0,191.95,191.95,100.0,3,Minería
MINERA TRUCCO LTDA,2024,90.0,0.0,0.0,90.0,0.0,5,Minería
MINERA TRUCCO SPA.,2024,9.0,0.0,0.0,9.0,0.0,1,Minería
MOLINO LINDEROS S A,2024,317.55,0.0,0.0,317.55,0.0,1,Otras industrias manufactureras
MOLYMETNOS S.A.,2024,3040.89,0.0,0.0,3040.89,0.0,14,Minería
MVC SOLAR 48 SPA,2024,2.67,0.0,0.0,2.67,0.0,2,Otras centrales de generación eléctrica
NAVEGANTE AMÉRICO VESPUCIO SPA,2024,2423.573,50.75,5.4319999999999995,2479.7549999999997,0.21905389846980852,64,Otras actividades
NESTLE CHILE SA,2024,1332.35,0.0,23.68,1356.03,1.746274049984145,54,Otras industrias manufactureras
NETAFIM CHILE LIMITADA,2024,0.0,0.0,2.78,2.78,100.0,1,"Industria química, de plástico y caucho"
NEXANS CHILE S.A,2024,0.0,0.0,58.18,58.18,100.0,9,Otras industrias manufactureras
NIRIVILO TRANSMISORA DE ENERGIA S.A.,2024,3.48,0.0,0.0,3.48,0.0,3,Otras actividades
NOLBERTO ORLANDO SUAREZ,2024,0.0,0.0,2911.603,2911.603,100.0,12,Gestores de residuos
NOVOFARMA SERVICE S A,2024,0.0,0.0,7.476,7.476,100.0,8,Otras actividades
OBRASCON HUARTE LAIN S A AGENCIA EN CHILE,2024,12895.8,0.032,27644.9,40540.732,68.19043129265648,36,Construcción
ODIS SPA,2024,0.0,0.0,4.978,4.978,100.0,1,Otras industrias manufactureras
OJV CAPITAL SPA,2024,338.68,0.0,0.0,338.68,0.0,3,Otras actividades
OXIQUIM S A,2024,0.0,0.0,128.9,128.9,100.0,12,"Industria química, de plástico y caucho"
PACANA DEL VERANO SPA,2024,0.7,0.0,0.0,0.7,0.0,1,Otras centrales de generación eléctrica
PACIFIC HYDRO CHACAYES S.A.,2024,0.0,0.0,1.98,1.98,100.0,1,Otras centrales de generación eléctrica
PALPANA DE VERANO SPA,2024,0.17,0.0,0.0,0.17,0.0,1,Otras centrales de generación eléctrica
PAPELES CORDILLERA SPA,2024,374.4,183.98,0.0,558.38,0.0,13,Industria del papel y celulosa
PARQUE EOLICO ANTOFAGASTA SPA,2024,19.490000000000002,0.0,0.0,19.490000000000002,0.0,7,Otras centrales de generación eléctrica
PARQUE SOLAR LEYDA SPA,2024,56.150000000000006,0.0,0.0,56.150000000000006,0.0,8,Otras centrales de generación eléctrica
PARQUE ZOOLOGICO BUIN ZOO S A,2024,14.18,0.0,0.0,14.18,0.0,4,Otras actividades
PATAGUA SPA,2024,41.36,0.0,0.0,41.36,0.0,2,Otras centrales de generación eléctrica
PATAGUAL HOME SPA,2024,0.0,51.9,0.0,51.9,0.0,8,Industria de la madera y silvicultura
PATAGUILLA SOLAR SPA,2024,26.480000000000004,0.0,0.0,26.480000000000004,0.0,3,Otras centrales de generación eléctrica
PAVIMENTOS Y MOVIMIENTOS DE TIERRA SPA,2024,104.4,0.0,0.0,104.4,0.0,1,Construcción
PEREZ Y GONZALEZ LIMITADA,2024,0.0,1.0,0.0,1.0,0.0,1,Gestores de residuos
PERI CHILE ENCOFRADOS Y ANDAMIOS LIMITADA,2024,8.41,0.0,0.0,8.41,0.0,2,Construcción
PETEROA ENERGY SPA,2024,12.65,0.0,0.0,12.65,0.0,5,Otras centrales de generación eléctrica
PLAZA COSTANERA SPA.,2024,963.96,0.0,0.0,963.96,0.0,8,Construcción
PONTIFICIA UNIVERSIDAD CATOLICA DE CHILE,2024,0.0,0.028,0.0,0.028,0.0,1,Otras actividades
PREFABRICADOS DE HORMIGON GRAU S A,2024,12051.81,0.0,0.0,12051.81,0.0,12,Otras industrias manufactureras
PREFAST SPA,2024,15.32,0.0,0.0,15.32,0.0,2,Otras industrias manufactureras
PREMIUM HOME SPA,2024,11.73,0.0,0.0,11.73,0.0,3,Construcción
PREMIUM S.A.,2024,1.85,0.0,0.0,1.85,0.0,2,Otras industrias manufactureras
PRESIDENCIA DE LA REPUBLICA,2024,1.68,0.0,0.0,1.68,0.0,1,Otras actividades
PRINAL LIMITADA,2024,5.88,0.0,0.0,5.88,0.0,3,Otras industrias manufactureras
PROA SPA,2024,5.79,0.0,0.0,5.79,0.0,1,Otras industrias manufactureras
PROCESADORA Y COMERCIAL DE MINERALES Y GRANOS INDUSTRIALES MIGRIN SA,2024,8.7,0.0,0.0,8.7,0.0,1,Minería
PROCTER & GAMBLE CHILE LIMITADA,2024,0.0,13.09,38.878,51.968,74.8114224137931,17,Otras industrias manufactureras
PRODUCTOS AISLANTES MINERALES PETRASFOS CHILE S.A.,2024,0.0,0.0,1.23,1.23,100.0,1,Otras industrias manufactureras
PROMET SERVICIOS SPA,2024,216.099,0.0,0.0,216.099,0.0,19,Construcción
PROYECTOS INGENIERÍA MECÁNICA Y TELECOMUNICACIONES SPA,2024,0.0,0.0,6.217,6.217,100.0,2,Construcción
PSF LOS MAITENES SPA,2024,5.13,0.0,0.0,5.13,0.0,1,Otras centrales de generación eléctrica
PUENTE ALTO INGENIERIA Y SERVICIOS S.A.,2024,27.84,0.0,0.0,27.84,0.0,2,Construcción
PUERTO DE MEJILLONES S A,2024,21.81,0.0,0.0,21.81,0.0,1,Otras actividades
PUNTIAGUDO ENERGY SPA,2024,0.94,0.0,0.0,0.94,0.0,1,Otras centrales de generación eléctrica
PUNTIAGUDO ENERGY SPA.,2024,42.21,0.0,0.0,42.21,0.0,9,Otras centrales de generación eléctrica
PURATOS DE CHILE SPA,2024,4.01,0.0,0.0,4.01,0.0,1,Otras industrias manufactureras
RAVENNA SOLAR SPA,2024,0.0,0.0,1.24,1.24,100.0,1,Otras centrales de generación eléctrica
RBU SANTIAGO S.A.,2024,1.96,0.0,0.0,1.96,0.0,1,Otras actividades
RE-CICLAR S.A,2024,675.34,1.51,3.0,679.85,0.44127381039935276,14,Gestores de residuos
READY MIX HORMIGONES LIMITADA,2024,11595.0,0.0,0.0,11595.0,0.0,47,Otras industrias manufactureras
RECYCLING S.A.,2024,143.05,0.0,0.0,143.05,0.0,3,Gestores de residuos
REFINERIA DE GRASAS Y ACEITES COMESTIBLES VIACAVA SPA.,2024,0.0,0.0,2.276,2.276,100.0,3,Otras industrias manufactureras
RENTAS E INVERSIONES BRASILIA S.A.,2024,171.0,0.0,0.0,171.0,0.0,3,Otras actividades
RENTAS LAGUNA SUR SPA,2024,163.8,0.0,0.0,163.8,0.0,3,Construcción
RERCHAR CHILE SPA,2024,0.0,376.03,2423.64,2799.67,86.56877417695657,10,Gestores de residuos
RIEGOSISTEMAS NETAFIM LIMITADA,2024,6.75,0.0,0.0,6.75,0.0,3,Comercio mayorista
ROCHE CHILE LIMITADA,2024,0.0,0.0,8.161000000000001,8.161000000000001,100.0,7,Comercio minorista
RUTA DEL MAIPO SOCIEDAD CONCESIONARIA S.A.,2024,2161.81,3107.504,433.03999999999996,5702.354,7.594056770239097,39,Construcción
SACYR CHILE S A,2024,44895.69,4.8309999999999995,293.04,45193.561,0.6484109539409829,71,Construcción
SACYR OPERACION Y SERVICIOS S.A.,2024,152.10000000000002,8007.6,0.0,8159.700000000001,0.0,14,Construcción
SALADO ENERGY SPA,2024,6.99,0.0,0.0,6.99,0.0,4,Otras centrales de generación eléctrica
SAN RAMON SOLAR SPA,2024,15.133,1.04,0.0,16.173,0.0,5,Otras centrales de generación eléctrica
SANTA HERMINIA SPA,2024,2702.0,0.0,0.0,2702.0,0.0,12,Otras actividades
SANTA INES SPA,2024,5.0,0.0,0.0,5.0,0.0,2,Otras centrales de generación eléctrica
SANTA TERESA S. A.,2024,0.0,0.0,0.42,0.42,100.0,1,Otras industrias manufactureras
SANTIAGO SUR 1 SPA.,2024,3044.5,0.0,0.0,3044.5,0.0,32,Otras actividades
SCANIA CHILE S.A.,2024,2.79,0.0,0.0,2.79,0.0,3,Ventas y mantención de vehículos automotores
SCM MINERA LUMINA COPPER CHILE,2024,0.0,615.48,409.75,1025.23,39.96664163163388,6,Minería
SEREY Y OTROS ASOCIADOS LTDA,2024,2919.52,0.0,0.0,2919.52,0.0,1,Construcción
SERVICIO DE SALUD CHILOE,2024,21.81,0.0,0.0,21.81,0.0,3,Construcción
SERVICIO DE SALUD METROPOLITANO SUR HOSP,2024,16174.0,0.0,4982.79,21156.79,23.551729728375616,6,Otras actividades
SERVICIO DE SALUD OCCIDENTE HOSPITAL SAN JUAN DE DIOS,2024,1640.28,0.0,0.0,1640.28,0.0,12,Otras actividades
SERVICIO DE VIVIENDA Y URBANIZACION AREA METROPOLITANA,2024,4727.674,0.0,0.0,4727.674,0.0,3,Construcción
SERVICIOS AMAZON DATA SERVICES CHILE SPA,2024,1690.0,0.0,0.0,1690.0,0.0,8,Otras actividades
SGS CHILE LTDA SOCIEDAD DE CONTROL,2024,60.0,0.0,0.0,60.0,0.0,3,Otras actividades
SGS MINERALS S.A.,2024,784.5,0.0,0.0,784.5,0.0,9,Minería
SICE AGENCIA CHILE S.A.,2024,6.34,0.0,0.0,6.34,0.0,14,Otras actividades
SIENA CONSTRUCTORA  S.A.,2024,4069.86,0.88,9.82,4080.5600000000004,0.2406532436724371,22,Construcción
SIKA S A CHILE,2024,2470.095504,0.0,0.0,2470.095504,0.0,49,"Industria química, de plástico y caucho"
SIMONETTI INMOBILIARIA S.A.,2024,4684.602,0.0,0.0,4684.602,0.0,19,Construcción
SINDELEN S A,2024,0.0,0.0,57.645,57.645,100.0,9,Otras industrias manufactureras
SINERGIA INMOBILIARIA S.A.,2024,3769.26,0.0,0.0,3769.26,0.0,18,Construcción
SISTEMA DE TRANSMISION DEL SUR S.A.,2024,25.408,2.939,827.221,855.568,96.68676247826006,97,Otras actividades
SKC S.A,2024,0.0,0.0,65.82,65.82,100.0,10,Ventas y mantención de vehículos automotores
SMURFIT KAPPA DE CHILE S.A.,2024,8.56,0.0,16.5,25.060000000000002,65.84197924980047,4,Industria del papel y celulosa
SOC COMERCIAL DEGRAF SPA,2024,14.788,121.8575,0.0,136.6455,0.0,33,Otras actividades
SOC COMERCIALIZADORA METROPOLITANA S A,2024,1502.919,6.021,0.0,1508.94,0.0,12,Construcción
SOC CONCESIONARIA AUTOPISTA CENTRAL S A,2024,3888.37,492.0,0.0,4380.37,0.0,24,Otras actividades
SOC CONCESIONARIA AUTOPISTA DE LOS ANDES S A,2024,0.0,2589.27,0.0,2589.27,0.0,4,Otras actividades
SOC CONCESIONARIA AUTOPISTA LOS LIBERTADORES S A,2024,0.0,11383.210000000001,32.816,11416.026000000002,0.28745554714048477,11,Otras actividades
SOC CONCESIONARIA CENTRO DE JUSTICIA DE SANTIAGO S A,2024,25.439999999999998,0.0,0.0,25.439999999999998,0.0,12,Construcción
SOC CONCESIONARIA LITORAL CENTRAL S A,2024,0.0,5430.0,0.0,5430.0,0.0,7,Otras actividades
SOC CONCESIONARIA RUTAS DEL PACIFICO S A,2024,0.0,1185.6,0.0,1185.6,0.0,5,Otras actividades
SOC CONSTR FRANCISCO LORCA SPA,2024,696.0,0.0545,0.2855,696.3399999999999,0.04100008616480455,6,Construcción
SOC DE SERVICIOS TECNICOS GEOLOGI  COS GEOTEC BOYLES BROS S A,2024,0.0,0.0,97.389,97.389,100.0,12,Minería
SOC INDUSTRIAL ROMERAL S A,2024,6524.688,0.0,0.0,6524.688,0.0,17,Otras industrias manufactureras
SOC MINERA ROSARIO LTDA,2024,0.0,0.0,7.720000000000001,7.720000000000001,100.0,2,Minería
SOC PETREOS S A,2024,12689.98,0.0,6.461,12696.440999999999,0.05088827648630038,13,Otras industrias manufactureras
SOCIEDAD CONCESIONARIA AMB S.A.,2024,0.0,806.4,0.0,806.4,0.0,1,Otras actividades
SOCIEDAD CONCESIONARIA AMERICO VESPUCIO ORIENTE II S.A.,2024,75109.45,2.14,130.663,75242.253,0.17365641616287064,50,Otras actividades
SOCIEDAD CONCESIONARIA AUTOPISTA NUEVA VESPUCIO SUR S.A.,2024,0.0,649.2,0.0,649.2,0.0,3,Otras actividades
SOCIEDAD CONCESIONARIA AUTOPISTA SAN ANTONIO-SANTIAGO S.A.,2024,113.52,0.0,0.27240000000000003,113.7924,0.23938329800584224,3,Construcción
SOCIEDAD CONCESIONARIA COSTANERA NORTE S A,2024,0.0,1669.2,0.0,1669.2,0.0,2,Otras actividades
SOCIEDAD CONCESIONARIA HOSPITAL BUIN PAINE S.A.,2024,7218.389999999999,0.0,59.868,7278.258,0.822559464091545,32,Construcción
"SOCIEDAD CONCESIONARIA INSTITUTO NACIONAL DEL CANCER, S.A.",2024,213.02800000000002,0.0,0.0,213.02800000000002,0.0,8,Construcción
SOCIEDAD CONCESIONARIA NUEVO CAMINO NOGALES- PUCHUNCAVI S.A.,2024,47.813,0.0,0.0,47.813,0.0,7,Construcción
SOCIEDAD CONCESIONARIA NUEVO PUDAHUEL S.A.,2024,2731.56,0.0,0.0,2731.56,0.0,8,Otras actividades
SOCIEDAD CONCESIONARIA RUTA DE LA FRUTA S.A.,2024,174.82,0.0,0.0,174.82,0.0,12,Construcción
SOCIEDAD CONCESIONARIA TUNEL EL MELON II S.A,2024,26.1,0.0,0.0,26.1,0.0,1,Construcción
SOCIEDAD CONCESIONARIA VESPUCIO ORIENTE S.A.,2024,208.8,0.0,0.0,208.8,0.0,3,Otras actividades
SOCIEDAD CONSTRUCTORA CASA HOGAR LTDA,2024,224.06,0.0,0.0,224.06,0.0,7,Construcción
SOCIEDAD CONSTRUCTORA PYG LIMITADA,2024,178.2,0.0,0.0,178.2,0.0,11,Construcción
SOCIEDAD DEMOLICIONES MARIO PORZIO S.A.,2024,0.0,0.0,150.71,150.71,100.0,3,Construcción
SOCIEDAD INDUSTRIAL PIZARRENO S.A.,2024,2512.4,0.0,0.0,2512.4,0.0,30,Otras industrias manufactureras
SOCIEDAD LEM LABORATORIOS & ASISTENCIA TECNICA LIMITADA,2024,53.0,0.0,0.0,53.0,0.0,4,Otras actividades
SOCIEDAD RECUPERADORA CHILE METAL LIMITADA,2024,115.38,0.0,0.0,115.38,0.0,2,Gestores de residuos
SOCIEDAD SEGURA E HIJOS LIMITADA,2024,0.0,0.0,24.130000000000003,24.130000000000003,100.0,8,Otras industrias manufactureras
SOCOVESA INMOBILIARIA Y CONSTRUCCIONES S.A,2024,336.0,0.0,0.0,336.0,0.0,5,Construcción
SODIMAC S.A.,2024,0.0,0.0,7.25,7.25,100.0,1,Comercio mayorista
SOFTYS CHILE SPA,2024,815.69,18.13,0.0,833.82,0.0,26,Industria del papel y celulosa
SOPROLE S.A.,2024,125.84,0.0,0.0,125.84,0.0,12,Otras industrias manufactureras
SSANGYONG MOTOR CHILE SPA,2024,8.7,0.0,0.0,8.7,0.0,1,Ventas y mantención de vehículos automotores
SYNTHEON CHILE LIMITADA,2024,166.59,0.0,0.0,166.59,0.0,12,"Industria química, de plástico y caucho"
TEAM FOODS CHILE SPA,2024,10.5,0.0,0.0,10.5,0.0,1,Otras industrias manufactureras
TECNO FAST S.A.,2024,1.0,0.0,0.0,1.0,0.0,1,Construcción
TECNOLOGIA Y LUBRICACION LIMITADA,2024,0.0,0.85,0.0,0.85,0.0,1,Comercio mayorista
TECNORED S A,2024,7.032,0.0,57.369,64.401,89.0809148926259,4,Otras actividades
TECNOVIAL S A,2024,0.0,0.0,320.15,320.15,100.0,12,Otras industrias manufactureras
TEDLAR JUPITER SPA,2024,41.76,0.0,0.0,41.76,0.0,1,Otras centrales de generación eléctrica
TERRITORIA APOQUINDO S.A,2024,2960.059,0.0,0.0,2960.059,0.0,13,Otras actividades
TOYOTA CHILE S A,2024,0.0,11.629999999999999,2.74,14.37,19.06750173973556,4,Ventas y mantención de vehículos automotores
TRANSELEC HOLDINGS RENTAS LIMITADA,2024,171.24,0.0,0.0,171.24,0.0,12,Otras actividades
TRANSMISORA DEL PACIFICO S.A.,2024,36.0,0.0,0.0,36.0,0.0,1,Otras actividades
TRANSPORTES ANDINA REFRESCOS LTDA,2024,13.559999999999999,0.0,0.0,13.559999999999999,0.0,5,Otras actividades
TRANSPORTES CCU LTDA,2024,20.44,0.0,0.0,20.44,0.0,6,Otras actividades
TRANSPORTES Y EXCAVACIONES LTDA,2024,4725.0,0.0,810.0,5535.0,14.634146341463413,71,Construcción
TRANSQUINTA S.A.,2024,12.6,0.0,0.0,12.6,0.0,2,Otras actividades
TREFIMET S.A.,2024,39.0,0.0,0.0,39.0,0.0,1,Otras industrias manufactureras
UNILEVER CHILE LTDA,2024,26.35,0.0,0.0,26.35,0.0,5,Otras industrias manufactureras
UNIVERSIDAD DE CHILE,2024,2342.931,0.0,7.49,2350.421,0.3186663155238998,68,Otras actividades
UNIVERSIDAD SAN SEBASTIAN,2024,0.0,0.3834,0.0,0.3834,0.0,4,Otras actividades
URBANIZA CONSTRUCTORA S.A.,2024,1107.48,0.0,0.0,1107.48,0.0,21,Construcción
URBANIZA S.A.,2024,2930.16,0.0,0.0,2930.16,0.0,12,Otras actividades
V S L SISTEMAS ESPECIALES DE CONSTRUCCION S A,2024,14.99,0.0,0.0,14.99,0.0,8,Construcción
VICENTE VALDES SPA,2024,4450.621,0.0,0.0,4450.621,0.0,16,Construcción
VIDRIOS DELL ORTO S.A.,2024,0.0,0.0,1217.35,1217.35,100.0,26,Otras industrias manufactureras
VIGAFLOW S A,2024,0.0,0.0,0.602,0.602,100.0,1,Comercio minorista
VILLABLANCA INDUSTRIAL SOCIEDAD ANONIMA,2024,0.0,0.0,16.15,16.15,100.0,2,Otras industrias manufactureras
VINA ALMAVIVA S A,2024,8.2,0.0,0.0,8.2,0.0,2,Otras industrias manufactureras
VINA CONCHA Y TORO S A,2024,9.200000000000001,0.0,0.0,9.200000000000001,0.0,5,Otras industrias manufactureras
VITIVINICOLA PEREZ CRUZ LIMITADA,2024,48.72,0.0,0.0,48.72,0.0,1,Otras industrias manufactureras
VIVIENDAS ECONOMICAS SAN LUIS S.A.,2024,429.65,0.0,0.0,429.65,0.0,13,Construcción
VIVO SPA,2024,641.8199999999999,0.0,0.0,641.8199999999999,0.0,6,Otras actividades
VOLVO CHILE SPA,2024,0.0,0.366,0.052,0.418,12.440191387559809,2,Ventas y mantención de vehículos automotores
VULCO S A,2024,12.02,0.0,0.0,12.02,0.0,2,"Industria química, de plástico y caucho"
WATT'S  S.A.,2024,8.49,0.0,9.27,17.759999999999998,52.19594594594595,5,Otras industrias manufactureras
WATT'S S.A,2024,75.68,0.0,34.61,110.29,31.380904887115786,9,Otras industrias manufactureras
WINKLER LIMITADA,2024,0.0,0.0,0.55,0.55,100.0,2,"Industria química, de plástico y caucho"
WORLEY INGENIERIA Y CONSTRUCCION CHILE S.A.,2024,34.131,0.0,0.0,34.131,0.0,5,Otras actividades
WURTH CHILE LIMITADA,2024,480.0,0.0,0.0,480.0,0.0,11,Otras industrias manufactureras
ZUBLIN INTERNATIONAL GMBH CHILE SPA,2024,0.0,40.138,187.35,227.488,82.35599240399493,13,Minería
